Name,Email,Project
Сергей,eios@sibsutis.ru,Уборка
Сергей,gbggtw@mail.com,Бухгалтерия
Дмитрий,kkirrill@mail.ru,Бухгалтерия
Никита,soul-catcher@yandex.ru,Бухгалтерия
Дмитрий,snoweee322@rambler.ru,Менеджмент
Никита,gbggtw@mail.com,Разработка
Дмитрий,realtura@hotmail.com,Поддержка
Сергей,kkirrill@mail.ru,Уборка
Виктор,gbggtw@mail.com,Менеджмент
Кирилл,snoweee322@rambler.ru,Уборка
Алексей,izeytee@yahoo.com,Поддержка
Евкакий,kkirrill@mail.ru,Доставка
Алексей,soul-catcher@yandex.ru,Поддержка
Мухаммад,kkirrill@mail.ru,Бухгалтерия
Александр,eios@sibsutis.ru,Уборка
Никита,realtura@hotmail.com,Разработка
Артур,soul-catcher@yandex.ru,Поддержка
Мухаммад,gbggtw@mail.com,Поддержка
Мухаммад,gbggtw@mail.com,Менеджмент
Сергей,gbggtw@mail.com,Доставка
Максим,snoweee322@rambler.ru,Поддержка
Евкакий,izeytee@yahoo.com,Дебаггинг
Алексей,snoweee322@rambler.ru,Бухгалтерия
Леонид,izeytee@yahoo.com,Доставка
Никита,soul-catcher@yandex.ru,Разработка
Евкакий,lolimpo@gmail.com,Менеджмент
Максим,gbggtw@mail.com,Разработка
Алексей,gbggtw@mail.com,Менеджмент
Артур,izeytee@yahoo.com,Уборка
Виктор,realtura@hotmail.com,Бухгалтерия
Никита,izeytee@yahoo.com,Бухгалтерия
Александр,eios@sibsutis.ru,Уборка
Сергей,gbggtw@mail.com,Менеджмент
Виктор,izeytee@yahoo.com,Доставка
Алексей,realtura@hotmail.com,Поддержка
Кирилл,realtura@hotmail.com,Поддержка
Леонид,gbggtw@mail.com,Разработка
Артур,izeytee@yahoo.com,Уборка
Максим,eios@sibsutis.ru,Менеджмент
Дмитрий,gbggtw@mail.com,Уборка
Мухаммад,gbggtw@mail.com,Уборка
Евкакий,lolimpo@gmail.com,Уборка
Мухаммад,snoweee322@rambler.ru,Доставка
Сергей,gbggtw@mail.com,Бухгалтерия
Максим,soul-catcher@yandex.ru,Уборка
Виктор,lolimpo@gmail.com,Дебаггинг
Алексей,lolimpo@gmail.com,Менеджмент
Никита,eios@sibsutis.ru,Доставка
Максим,soul-catcher@yandex.ru,Поддержка
Сергей,gbggtw@mail.com,Доставка
Евкакий,gbggtw@mail.com,Поддержка
Вячеслав,gbggtw@mail.com,Дебаггинг
Дмитрий,snoweee322@rambler.ru,Поддержка
Александр,snoweee322@rambler.ru,Уборка
Никита,snoweee322@rambler.ru,Разработка
Вячеслав,izeytee@yahoo.com,Дебаггинг
Леонид,snoweee322@rambler.ru,Разработка
Дмитрий,kkirrill@mail.ru,Дебаггинг
Никита,gbggtw@mail.com,Доставка
Артур,realtura@hotmail.com,Менеджмент
Артур,kkirrill@mail.ru,Доставка
Артур,soul-catcher@yandex.ru,Дебаггинг
Вячеслав,kkirrill@mail.ru,Поддержка
Евкакий,lolimpo@gmail.com,Дебаггинг
Алексей,soul-catcher@yandex.ru,Разработка
Дмитрий,gbggtw@mail.com,Поддержка
Сергей,izeytee@yahoo.com,Доставка
Виктор,lolimpo@gmail.com,Уборка
Артур,realtura@hotmail.com,Поддержка
Максим,lolimpo@gmail.com,Разработка
Кирилл,kkirrill@mail.ru,Разработка
Кирилл,izeytee@yahoo.com,Дебаггинг
Сергей,realtura@hotmail.com,Дебаггинг
Дмитрий,eios@sibsutis.ru,Доставка
Кирилл,izeytee@yahoo.com,Поддержка
Артур,eios@sibsutis.ru,Доставка
Алексей,eios@sibsutis.ru,Уборка
Евкакий,kkirrill@mail.ru,Менеджмент
Артур,gbggtw@mail.com,Поддержка
Мухаммад,soul-catcher@yandex.ru,Уборка
Виктор,snoweee322@rambler.ru,Менеджмент
Никита,soul-catcher@yandex.ru,Разработка
Артур,eios@sibsutis.ru,Бухгалтерия
Александр,lolimpo@gmail.com,Дебаггинг
Леонид,kkirrill@mail.ru,Уборка
Евкакий,lolimpo@gmail.com,Доставка
Алексей,lolimpo@gmail.com,Уборка
Никита,soul-catcher@yandex.ru,Доставка
Евкакий,kkirrill@mail.ru,Бухгалтерия
Кирилл,gbggtw@mail.com,Бухгалтерия
Александр,soul-catcher@yandex.ru,Менеджмент
Александр,eios@sibsutis.ru,Бухгалтерия
Леонид,eios@sibsutis.ru,Доставка
Никита,snoweee322@rambler.ru,Уборка
Сергей,kkirrill@mail.ru,Менеджмент
Максим,gbggtw@mail.com,Доставка
Никита,snoweee322@rambler.ru,Менеджмент
Кирилл,eios@sibsutis.ru,Поддержка
Алексей,soul-catcher@yandex.ru,Доставка
Никита,eios@sibsutis.ru,Поддержка
Дмитрий,izeytee@yahoo.com,Разработка
Кирилл,soul-catcher@yandex.ru,Уборка
Александр,realtura@hotmail.com,Уборка
Александр,gbggtw@mail.com,Доставка
Алексей,snoweee322@rambler.ru,Дебаггинг
Кирилл,eios@sibsutis.ru,Менеджмент
Алексей,snoweee322@rambler.ru,Разработка
Леонид,eios@sibsutis.ru,Дебаггинг
Артур,soul-catcher@yandex.ru,Уборка
Никита,snoweee322@rambler.ru,Менеджмент
Евкакий,eios@sibsutis.ru,Менеджмент
Александр,kkirrill@mail.ru,Бухгалтерия
Максим,soul-catcher@yandex.ru,Доставка
Алексей,soul-catcher@yandex.ru,Доставка
Евкакий,izeytee@yahoo.com,Дебаггинг
Леонид,lolimpo@gmail.com,Уборка
Мухаммад,lolimpo@gmail.com,Менеджмент
Дмитрий,realtura@hotmail.com,Дебаггинг
Артур,izeytee@yahoo.com,Разработка
Никита,gbggtw@mail.com,Дебаггинг
Артур,soul-catcher@yandex.ru,Бухгалтерия
Мухаммад,gbggtw@mail.com,Разработка
Сергей,izeytee@yahoo.com,Разработка
Евкакий,soul-catcher@yandex.ru,Бухгалтерия
Александр,snoweee322@rambler.ru,Бухгалтерия
Леонид,izeytee@yahoo.com,Бухгалтерия
Мухаммад,gbggtw@mail.com,Поддержка
Алексей,izeytee@yahoo.com,Разработка
Леонид,eios@sibsutis.ru,Уборка
Александр,gbggtw@mail.com,Бухгалтерия
Евкакий,kkirrill@mail.ru,Бухгалтерия
Дмитрий,snoweee322@rambler.ru,Разработка
Виктор,snoweee322@rambler.ru,Доставка
Евкакий,realtura@hotmail.com,Доставка
Александр,eios@sibsutis.ru,Бухгалтерия
Никита,soul-catcher@yandex.ru,Разработка
Никита,realtura@hotmail.com,Разработка
Артур,realtura@hotmail.com,Уборка
Артур,realtura@hotmail.com,Бухгалтерия
Дмитрий,izeytee@yahoo.com,Уборка
Алексей,eios@sibsutis.ru,Поддержка
Дмитрий,gbggtw@mail.com,Поддержка
Александр,eios@sibsutis.ru,Разработка
Артур,eios@sibsutis.ru,Менеджмент
Алексей,soul-catcher@yandex.ru,Дебаггинг
Артур,izeytee@yahoo.com,Поддержка
Никита,soul-catcher@yandex.ru,Доставка
Виктор,realtura@hotmail.com,Дебаггинг
Евкакий,snoweee322@rambler.ru,Дебаггинг
Сергей,izeytee@yahoo.com,Дебаггинг
Кирилл,kkirrill@mail.ru,Дебаггинг
Максим,izeytee@yahoo.com,Уборка
Артур,realtura@hotmail.com,Поддержка
Мухаммад,gbggtw@mail.com,Дебаггинг
Евкакий,soul-catcher@yandex.ru,Поддержка
Александр,eios@sibsutis.ru,Разработка
Леонид,eios@sibsutis.ru,Менеджмент
Вячеслав,izeytee@yahoo.com,Уборка
Сергей,soul-catcher@yandex.ru,Менеджмент
Евкакий,gbggtw@mail.com,Бухгалтерия
Никита,eios@sibsutis.ru,Дебаггинг
Александр,realtura@hotmail.com,Поддержка
Виктор,kkirrill@mail.ru,Менеджмент
Александр,kkirrill@mail.ru,Уборка
Сергей,lolimpo@gmail.com,Разработка
Виктор,kkirrill@mail.ru,Разработка
Мухаммад,izeytee@yahoo.com,Менеджмент
Леонид,lolimpo@gmail.com,Поддержка
Евкакий,gbggtw@mail.com,Менеджмент
Александр,eios@sibsutis.ru,Разработка
Евкакий,gbggtw@mail.com,Разработка
Мухаммад,eios@sibsutis.ru,Дебаггинг
Александр,lolimpo@gmail.com,Доставка
Артур,soul-catcher@yandex.ru,Доставка
Вячеслав,kkirrill@mail.ru,Бухгалтерия
Леонид,lolimpo@gmail.com,Бухгалтерия
Артур,soul-catcher@yandex.ru,Бухгалтерия
Виктор,soul-catcher@yandex.ru,Дебаггинг
Максим,eios@sibsutis.ru,Менеджмент
Кирилл,snoweee322@rambler.ru,Уборка
Леонид,gbggtw@mail.com,Менеджмент
Евкакий,realtura@hotmail.com,Дебаггинг
Александр,kkirrill@mail.ru,Поддержка
Артур,snoweee322@rambler.ru,Менеджмент
Артур,gbggtw@mail.com,Доставка
Алексей,lolimpo@gmail.com,Разработка
Евкакий,eios@sibsutis.ru,Поддержка
Дмитрий,eios@sibsutis.ru,Бухгалтерия
Сергей,soul-catcher@yandex.ru,Бухгалтерия
Алексей,soul-catcher@yandex.ru,Бухгалтерия
Алексей,eios@sibsutis.ru,Доставка
Евкакий,izeytee@yahoo.com,Уборка
Кирилл,realtura@hotmail.com,Менеджмент
Максим,realtura@hotmail.com,Поддержка
Алексей,izeytee@yahoo.com,Бухгалтерия
Вячеслав,izeytee@yahoo.com,Менеджмент
Виктор,realtura@hotmail.com,Менеджмент
Вячеслав,lolimpo@gmail.com,Менеджмент
Дмитрий,realtura@hotmail.com,Дебаггинг
Артур,kkirrill@mail.ru,Доставка
Дмитрий,eios@sibsutis.ru,Уборка
Кирилл,snoweee322@rambler.ru,Дебаггинг
Александр,snoweee322@rambler.ru,Бухгалтерия
Никита,gbggtw@mail.com,Бухгалтерия
Вячеслав,kkirrill@mail.ru,Доставка
Мухаммад,izeytee@yahoo.com,Разработка
Максим,gbggtw@mail.com,Разработка
Кирилл,realtura@hotmail.com,Дебаггинг
Евкакий,eios@sibsutis.ru,Менеджмент
Вячеслав,izeytee@yahoo.com,Разработка
Евкакий,realtura@hotmail.com,Дебаггинг
Максим,snoweee322@rambler.ru,Дебаггинг
Евкакий,soul-catcher@yandex.ru,Уборка
Никита,izeytee@yahoo.com,Уборка
Сергей,snoweee322@rambler.ru,Поддержка
Сергей,izeytee@yahoo.com,Менеджмент
Никита,soul-catcher@yandex.ru,Разработка
Вячеслав,gbggtw@mail.com,Менеджмент
Алексей,soul-catcher@yandex.ru,Доставка
Алексей,gbggtw@mail.com,Уборка
Алексей,kkirrill@mail.ru,Уборка
Никита,kkirrill@mail.ru,Доставка
Никита,snoweee322@rambler.ru,Поддержка
Сергей,soul-catcher@yandex.ru,Бухгалтерия
Кирилл,realtura@hotmail.com,Разработка
Мухаммад,gbggtw@mail.com,Уборка
Дмитрий,eios@sibsutis.ru,Разработка
Мухаммад,izeytee@yahoo.com,Менеджмент
Алексей,soul-catcher@yandex.ru,Менеджмент
Вячеслав,gbggtw@mail.com,Бухгалтерия
Артур,kkirrill@mail.ru,Дебаггинг
Дмитрий,izeytee@yahoo.com,Разработка
Кирилл,soul-catcher@yandex.ru,Доставка
Кирилл,izeytee@yahoo.com,Бухгалтерия
Александр,kkirrill@mail.ru,Бухгалтерия
Дмитрий,gbggtw@mail.com,Доставка
Артур,izeytee@yahoo.com,Доставка
Кирилл,soul-catcher@yandex.ru,Бухгалтерия
Артур,lolimpo@gmail.com,Бухгалтерия
Мухаммад,gbggtw@mail.com,Уборка
Максим,realtura@hotmail.com,Доставка
Леонид,lolimpo@gmail.com,Разработка
Леонид,soul-catcher@yandex.ru,Дебаггинг
Сергей,kkirrill@mail.ru,Менеджмент
Сергей,izeytee@yahoo.com,Разработка
Виктор,lolimpo@gmail.com,Бухгалтерия
Александр,realtura@hotmail.com,Доставка
Вячеслав,gbggtw@mail.com,Уборка
Алексей,snoweee322@rambler.ru,Поддержка
Кирилл,kkirrill@mail.ru,Уборка
Максим,izeytee@yahoo.com,Уборка
Мухаммад,snoweee322@rambler.ru,Дебаггинг
Мухаммад,eios@sibsutis.ru,Разработка
Александр,snoweee322@rambler.ru,Менеджмент
Кирилл,realtura@hotmail.com,Поддержка
Вячеслав,gbggtw@mail.com,Доставка
Леонид,soul-catcher@yandex.ru,Дебаггинг
Вячеслав,snoweee322@rambler.ru,Уборка
Кирилл,izeytee@yahoo.com,Дебаггинг
Сергей,izeytee@yahoo.com,Бухгалтерия
Александр,soul-catcher@yandex.ru,Разработка
Алексей,eios@sibsutis.ru,Уборка
Евкакий,izeytee@yahoo.com,Менеджмент
Мухаммад,snoweee322@rambler.ru,Бухгалтерия
Мухаммад,eios@sibsutis.ru,Уборка
Александр,lolimpo@gmail.com,Поддержка
Леонид,gbggtw@mail.com,Разработка
Леонид,snoweee322@rambler.ru,Уборка
Мухаммад,realtura@hotmail.com,Уборка
Дмитрий,izeytee@yahoo.com,Разработка
Леонид,realtura@hotmail.com,Поддержка
Сергей,snoweee322@rambler.ru,Бухгалтерия
Виктор,snoweee322@rambler.ru,Поддержка
Александр,eios@sibsutis.ru,Разработка
Максим,snoweee322@rambler.ru,Менеджмент
Виктор,soul-catcher@yandex.ru,Уборка
Виктор,gbggtw@mail.com,Дебаггинг
Сергей,snoweee322@rambler.ru,Бухгалтерия
Евкакий,snoweee322@rambler.ru,Разработка
Мухаммад,soul-catcher@yandex.ru,Бухгалтерия
Алексей,snoweee322@rambler.ru,Доставка
Вячеслав,eios@sibsutis.ru,Уборка
Александр,lolimpo@gmail.com,Менеджмент
Дмитрий,izeytee@yahoo.com,Поддержка
Максим,kkirrill@mail.ru,Бухгалтерия
Артур,izeytee@yahoo.com,Дебаггинг
Алексей,gbggtw@mail.com,Разработка
Вячеслав,snoweee322@rambler.ru,Поддержка
Алексей,soul-catcher@yandex.ru,Поддержка
Артур,realtura@hotmail.com,Разработка
Евкакий,realtura@hotmail.com,Дебаггинг
Максим,eios@sibsutis.ru,Разработка
Дмитрий,gbggtw@mail.com,Уборка
Максим,kkirrill@mail.ru,Бухгалтерия
Никита,lolimpo@gmail.com,Разработка
Виктор,soul-catcher@yandex.ru,Уборка
Евкакий,lolimpo@gmail.com,Разработка
Евкакий,soul-catcher@yandex.ru,Разработка
Артур,gbggtw@mail.com,Уборка
Мухаммад,realtura@hotmail.com,Уборка
Виктор,gbggtw@mail.com,Поддержка
Максим,kkirrill@mail.ru,Бухгалтерия
Дмитрий,realtura@hotmail.com,Дебаггинг
Алексей,kkirrill@mail.ru,Дебаггинг
Евкакий,eios@sibsutis.ru,Менеджмент
Максим,kkirrill@mail.ru,Поддержка
Мухаммад,soul-catcher@yandex.ru,Доставка
Александр,snoweee322@rambler.ru,Менеджмент
Максим,kkirrill@mail.ru,Менеджмент
Максим,realtura@hotmail.com,Доставка
Артур,kkirrill@mail.ru,Разработка
Максим,eios@sibsutis.ru,Бухгалтерия
Никита,gbggtw@mail.com,Дебаггинг
Кирилл,kkirrill@mail.ru,Бухгалтерия
Леонид,gbggtw@mail.com,Уборка
Никита,snoweee322@rambler.ru,Дебаггинг
Алексей,izeytee@yahoo.com,Дебаггинг
Виктор,eios@sibsutis.ru,Бухгалтерия
Мухаммад,snoweee322@rambler.ru,Бухгалтерия
Алексей,izeytee@yahoo.com,Поддержка
Мухаммад,realtura@hotmail.com,Уборка
Вячеслав,eios@sibsutis.ru,Менеджмент
Сергей,gbggtw@mail.com,Бухгалтерия
Никита,lolimpo@gmail.com,Менеджмент
Леонид,izeytee@yahoo.com,Поддержка
Максим,kkirrill@mail.ru,Бухгалтерия
Александр,soul-catcher@yandex.ru,Менеджмент
Никита,kkirrill@mail.ru,Бухгалтерия
Алексей,lolimpo@gmail.com,Доставка
Сергей,snoweee322@rambler.ru,Бухгалтерия
Александр,gbggtw@mail.com,Поддержка
Артур,realtura@hotmail.com,Дебаггинг
Алексей,gbggtw@mail.com,Уборка
Леонид,soul-catcher@yandex.ru,Уборка
Дмитрий,izeytee@yahoo.com,Доставка
Евкакий,soul-catcher@yandex.ru,Поддержка
Кирилл,snoweee322@rambler.ru,Поддержка
Дмитрий,kkirrill@mail.ru,Доставка
Виктор,eios@sibsutis.ru,Дебаггинг
Дмитрий,eios@sibsutis.ru,Доставка
Никита,snoweee322@rambler.ru,Разработка
Максим,eios@sibsutis.ru,Доставка
Леонид,eios@sibsutis.ru,Бухгалтерия
Артур,kkirrill@mail.ru,Уборка
Вячеслав,gbggtw@mail.com,Разработка
Виктор,eios@sibsutis.ru,Доставка
Леонид,eios@sibsutis.ru,Менеджмент
Леонид,lolimpo@gmail.com,Поддержка
Евкакий,gbggtw@mail.com,Доставка
Сергей,snoweee322@rambler.ru,Разработка
Мухаммад,lolimpo@gmail.com,Дебаггинг
Алексей,kkirrill@mail.ru,Менеджмент
Сергей,gbggtw@mail.com,Дебаггинг
Кирилл,soul-catcher@yandex.ru,Доставка
Максим,soul-catcher@yandex.ru,Менеджмент
Евкакий,eios@sibsutis.ru,Дебаггинг
Никита,eios@sibsutis.ru,Поддержка
Вячеслав,kkirrill@mail.ru,Менеджмент
Александр,gbggtw@mail.com,Разработка
Мухаммад,snoweee322@rambler.ru,Поддержка
Леонид,gbggtw@mail.com,Уборка
Кирилл,lolimpo@gmail.com,Разработка
Виктор,snoweee322@rambler.ru,Дебаггинг
Сергей,snoweee322@rambler.ru,Поддержка
Сергей,snoweee322@rambler.ru,Дебаггинг
Никита,eios@sibsutis.ru,Разработка
Кирилл,eios@sibsutis.ru,Поддержка
Виктор,kkirrill@mail.ru,Бухгалтерия
Евкакий,lolimpo@gmail.com,Поддержка
Вячеслав,izeytee@yahoo.com,Поддержка
Артур,eios@sibsutis.ru,Разработка
Евкакий,izeytee@yahoo.com,Уборка
Евкакий,izeytee@yahoo.com,Уборка
Артур,izeytee@yahoo.com,Дебаггинг
Александр,kkirrill@mail.ru,Поддержка
Мухаммад,gbggtw@mail.com,Поддержка
Алексей,snoweee322@rambler.ru,Поддержка
Виктор,soul-catcher@yandex.ru,Доставка
Сергей,kkirrill@mail.ru,Уборка
Мухаммад,izeytee@yahoo.com,Разработка
Сергей,gbggtw@mail.com,Бухгалтерия
Кирилл,snoweee322@rambler.ru,Бухгалтерия
Вячеслав,eios@sibsutis.ru,Бухгалтерия
Дмитрий,kkirrill@mail.ru,Уборка
Алексей,soul-catcher@yandex.ru,Менеджмент
Сергей,kkirrill@mail.ru,Разработка
Александр,kkirrill@mail.ru,Разработка
Евкакий,soul-catcher@yandex.ru,Менеджмент
Мухаммад,realtura@hotmail.com,Поддержка
Максим,lolimpo@gmail.com,Бухгалтерия
Кирилл,gbggtw@mail.com,Доставка
Виктор,snoweee322@rambler.ru,Уборка
Виктор,snoweee322@rambler.ru,Уборка
Леонид,realtura@hotmail.com,Менеджмент
Максим,gbggtw@mail.com,Доставка
Александр,lolimpo@gmail.com,Уборка
Мухаммад,realtura@hotmail.com,Разработка
Артур,lolimpo@gmail.com,Уборка
Евкакий,eios@sibsutis.ru,Бухгалтерия
Евкакий,izeytee@yahoo.com,Доставка
Алексей,eios@sibsutis.ru,Дебаггинг
Никита,snoweee322@rambler.ru,Дебаггинг
Максим,lolimpo@gmail.com,Доставка
Мухаммад,realtura@hotmail.com,Поддержка
Алексей,eios@sibsutis.ru,Бухгалтерия
Леонид,lolimpo@gmail.com,Бухгалтерия
Алексей,snoweee322@rambler.ru,Менеджмент
Леонид,lolimpo@gmail.com,Разработка
Вячеслав,kkirrill@mail.ru,Бухгалтерия
Никита,eios@sibsutis.ru,Уборка
Максим,kkirrill@mail.ru,Разработка
Дмитрий,lolimpo@gmail.com,Менеджмент
Алексей,realtura@hotmail.com,Разработка
Кирилл,izeytee@yahoo.com,Бухгалтерия
Евкакий,soul-catcher@yandex.ru,Бухгалтерия
Артур,lolimpo@gmail.com,Доставка
Никита,realtura@hotmail.com,Поддержка
Вячеслав,realtura@hotmail.com,Бухгалтерия
Никита,realtura@hotmail.com,Бухгалтерия
Мухаммад,snoweee322@rambler.ru,Поддержка
Кирилл,kkirrill@mail.ru,Бухгалтерия
Леонид,lolimpo@gmail.com,Бухгалтерия
Леонид,eios@sibsutis.ru,Разработка
Леонид,lolimpo@gmail.com,Уборка
Артур,lolimpo@gmail.com,Бухгалтерия
Мухаммад,realtura@hotmail.com,Уборка
Никита,soul-catcher@yandex.ru,Доставка
Сергей,lolimpo@gmail.com,Разработка
Максим,eios@sibsutis.ru,Доставка
Мухаммад,izeytee@yahoo.com,Дебаггинг
Максим,izeytee@yahoo.com,Поддержка
Мухаммад,soul-catcher@yandex.ru,Дебаггинг
Вячеслав,realtura@hotmail.com,Уборка
Артур,kkirrill@mail.ru,Доставка
Леонид,kkirrill@mail.ru,Разработка
Алексей,snoweee322@rambler.ru,Доставка
Никита,izeytee@yahoo.com,Разработка
Вячеслав,izeytee@yahoo.com,Менеджмент
Кирилл,snoweee322@rambler.ru,Уборка
Максим,eios@sibsutis.ru,Уборка
Максим,gbggtw@mail.com,Разработка
Леонид,kkirrill@mail.ru,Бухгалтерия
Александр,soul-catcher@yandex.ru,Дебаггинг
Александр,snoweee322@rambler.ru,Дебаггинг
Сергей,kkirrill@mail.ru,Дебаггинг
Алексей,soul-catcher@yandex.ru,Доставка
Максим,realtura@hotmail.com,Поддержка
Дмитрий,kkirrill@mail.ru,Менеджмент
Сергей,kkirrill@mail.ru,Поддержка
Мухаммад,kkirrill@mail.ru,Дебаггинг
Дмитрий,kkirrill@mail.ru,Уборка
Дмитрий,izeytee@yahoo.com,Бухгалтерия
Артур,snoweee322@rambler.ru,Поддержка
Алексей,gbggtw@mail.com,Уборка
Максим,lolimpo@gmail.com,Доставка
Дмитрий,gbggtw@mail.com,Поддержка
Александр,snoweee322@rambler.ru,Доставка
Алексей,izeytee@yahoo.com,Бухгалтерия
Виктор,realtura@hotmail.com,Бухгалтерия
Максим,eios@sibsutis.ru,Дебаггинг
Леонид,gbggtw@mail.com,Доставка
Леонид,snoweee322@rambler.ru,Уборка
Евкакий,gbggtw@mail.com,Разработка
Сергей,kkirrill@mail.ru,Бухгалтерия
Виктор,gbggtw@mail.com,Разработка
Дмитрий,izeytee@yahoo.com,Менеджмент
Леонид,gbggtw@mail.com,Разработка
Виктор,kkirrill@mail.ru,Бухгалтерия
Максим,lolimpo@gmail.com,Бухгалтерия
Максим,realtura@hotmail.com,Менеджмент
Алексей,izeytee@yahoo.com,Поддержка
Никита,izeytee@yahoo.com,Дебаггинг
Артур,realtura@hotmail.com,Уборка
Александр,soul-catcher@yandex.ru,Дебаггинг
Никита,eios@sibsutis.ru,Поддержка
Максим,snoweee322@rambler.ru,Разработка
Никита,soul-catcher@yandex.ru,Менеджмент
Дмитрий,realtura@hotmail.com,Разработка
Кирилл,soul-catcher@yandex.ru,Поддержка
Максим,lolimpo@gmail.com,Бухгалтерия
Евкакий,lolimpo@gmail.com,Уборка
Мухаммад,kkirrill@mail.ru,Разработка
Никита,soul-catcher@yandex.ru,Разработка
Алексей,gbggtw@mail.com,Бухгалтерия
Мухаммад,izeytee@yahoo.com,Разработка
Мухаммад,kkirrill@mail.ru,Поддержка
Леонид,kkirrill@mail.ru,Дебаггинг
Артур,izeytee@yahoo.com,Поддержка
Вячеслав,eios@sibsutis.ru,Доставка
Максим,eios@sibsutis.ru,Менеджмент
Никита,gbggtw@mail.com,Поддержка
Александр,kkirrill@mail.ru,Бухгалтерия
Мухаммад,snoweee322@rambler.ru,Разработка
Леонид,lolimpo@gmail.com,Бухгалтерия
Александр,eios@sibsutis.ru,Доставка
Александр,lolimpo@gmail.com,Уборка
Вячеслав,lolimpo@gmail.com,Бухгалтерия
Вячеслав,eios@sibsutis.ru,Дебаггинг
Максим,eios@sibsutis.ru,Доставка
Артур,gbggtw@mail.com,Бухгалтерия
Никита,lolimpo@gmail.com,Доставка
Евкакий,izeytee@yahoo.com,Дебаггинг
Сергей,eios@sibsutis.ru,Дебаггинг
Виктор,izeytee@yahoo.com,Дебаггинг
Вячеслав,izeytee@yahoo.com,Уборка
Алексей,realtura@hotmail.com,Поддержка
Мухаммад,gbggtw@mail.com,Дебаггинг
Леонид,gbggtw@mail.com,Бухгалтерия
Алексей,izeytee@yahoo.com,Дебаггинг
Кирилл,gbggtw@mail.com,Менеджмент
Артур,kkirrill@mail.ru,Менеджмент
Виктор,gbggtw@mail.com,Менеджмент
Кирилл,izeytee@yahoo.com,Поддержка
Максим,eios@sibsutis.ru,Уборка
Максим,izeytee@yahoo.com,Поддержка
Артур,kkirrill@mail.ru,Разработка
Никита,snoweee322@rambler.ru,Менеджмент
Артур,snoweee322@rambler.ru,Менеджмент
Виктор,snoweee322@rambler.ru,Менеджмент
Виктор,gbggtw@mail.com,Поддержка
Виктор,lolimpo@gmail.com,Поддержка
Виктор,snoweee322@rambler.ru,Поддержка
Леонид,soul-catcher@yandex.ru,Бухгалтерия
Алексей,realtura@hotmail.com,Менеджмент
Кирилл,izeytee@yahoo.com,Уборка
Никита,lolimpo@gmail.com,Уборка
Алексей,eios@sibsutis.ru,Дебаггинг
Никита,snoweee322@rambler.ru,Менеджмент
Мухаммад,kkirrill@mail.ru,Менеджмент
Александр,soul-catcher@yandex.ru,Поддержка
Евкакий,eios@sibsutis.ru,Разработка
Никита,soul-catcher@yandex.ru,Разработка
Мухаммад,gbggtw@mail.com,Менеджмент
Дмитрий,gbggtw@mail.com,Менеджмент
Алексей,realtura@hotmail.com,Менеджмент
Виктор,izeytee@yahoo.com,Дебаггинг
Вячеслав,lolimpo@gmail.com,Доставка
Кирилл,soul-catcher@yandex.ru,Разработка
Алексей,kkirrill@mail.ru,Доставка
Евкакий,kkirrill@mail.ru,Разработка
Сергей,kkirrill@mail.ru,Доставка
Максим,lolimpo@gmail.com,Бухгалтерия
Леонид,soul-catcher@yandex.ru,Уборка
Максим,realtura@hotmail.com,Бухгалтерия
Виктор,lolimpo@gmail.com,Бухгалтерия
Алексей,lolimpo@gmail.com,Менеджмент
Артур,realtura@hotmail.com,Менеджмент
Виктор,eios@sibsutis.ru,Уборка
Артур,realtura@hotmail.com,Менеджмент
Виктор,realtura@hotmail.com,Бухгалтерия
Леонид,eios@sibsutis.ru,Менеджмент
Артур,kkirrill@mail.ru,Разработка
Кирилл,snoweee322@rambler.ru,Поддержка
Леонид,gbggtw@mail.com,Менеджмент
Мухаммад,eios@sibsutis.ru,Дебаггинг
Леонид,soul-catcher@yandex.ru,Бухгалтерия
Леонид,gbggtw@mail.com,Уборка
Алексей,gbggtw@mail.com,Менеджмент
Кирилл,izeytee@yahoo.com,Дебаггинг
Сергей,snoweee322@rambler.ru,Доставка
Артур,izeytee@yahoo.com,Бухгалтерия
Кирилл,gbggtw@mail.com,Доставка
Вячеслав,soul-catcher@yandex.ru,Поддержка
Никита,soul-catcher@yandex.ru,Дебаггинг
Сергей,gbggtw@mail.com,Доставка
Алексей,kkirrill@mail.ru,Менеджмент
Леонид,eios@sibsutis.ru,Доставка
Мухаммад,soul-catcher@yandex.ru,Поддержка
Дмитрий,kkirrill@mail.ru,Доставка
Артур,lolimpo@gmail.com,Менеджмент
Александр,realtura@hotmail.com,Доставка
Никита,snoweee322@rambler.ru,Уборка
Евкакий,kkirrill@mail.ru,Доставка
Леонид,lolimpo@gmail.com,Уборка
Александр,eios@sibsutis.ru,Менеджмент
Дмитрий,izeytee@yahoo.com,Бухгалтерия
Кирилл,snoweee322@rambler.ru,Поддержка
Леонид,soul-catcher@yandex.ru,Поддержка
Никита,kkirrill@mail.ru,Разработка
Вячеслав,izeytee@yahoo.com,Уборка
Сергей,lolimpo@gmail.com,Уборка
Мухаммад,realtura@hotmail.com,Бухгалтерия
Леонид,realtura@hotmail.com,Уборка
Александр,kkirrill@mail.ru,Доставка
Никита,realtura@hotmail.com,Уборка
Вячеслав,lolimpo@gmail.com,Уборка
Евкакий,izeytee@yahoo.com,Уборка
Леонид,izeytee@yahoo.com,Бухгалтерия
Евкакий,snoweee322@rambler.ru,Дебаггинг
Дмитрий,kkirrill@mail.ru,Доставка
Максим,eios@sibsutis.ru,Поддержка
Алексей,kkirrill@mail.ru,Бухгалтерия
Дмитрий,kkirrill@mail.ru,Менеджмент
Леонид,snoweee322@rambler.ru,Разработка
Кирилл,gbggtw@mail.com,Дебаггинг
Мухаммад,eios@sibsutis.ru,Доставка
Максим,eios@sibsutis.ru,Уборка
Никита,lolimpo@gmail.com,Поддержка
Дмитрий,eios@sibsutis.ru,Дебаггинг
Никита,realtura@hotmail.com,Дебаггинг
Евкакий,kkirrill@mail.ru,Бухгалтерия
Виктор,snoweee322@rambler.ru,Уборка
Александр,eios@sibsutis.ru,Дебаггинг
Александр,soul-catcher@yandex.ru,Менеджмент
Мухаммад,eios@sibsutis.ru,Уборка
Леонид,eios@sibsutis.ru,Бухгалтерия
Максим,eios@sibsutis.ru,Уборка
Леонид,gbggtw@mail.com,Уборка
Александр,izeytee@yahoo.com,Бухгалтерия
Сергей,izeytee@yahoo.com,Разработка
Алексей,kkirrill@mail.ru,Поддержка
Никита,kkirrill@mail.ru,Менеджмент
Дмитрий,snoweee322@rambler.ru,Поддержка
Сергей,gbggtw@mail.com,Разработка
Кирилл,lolimpo@gmail.com,Бухгалтерия
Леонид,gbggtw@mail.com,Поддержка
Никита,snoweee322@rambler.ru,Менеджмент
Никита,izeytee@yahoo.com,Менеджмент
Никита,snoweee322@rambler.ru,Уборка
Вячеслав,realtura@hotmail.com,Менеджмент
Артур,gbggtw@mail.com,Доставка
Артур,izeytee@yahoo.com,Доставка
Никита,gbggtw@mail.com,Разработка
Леонид,soul-catcher@yandex.ru,Бухгалтерия
Никита,snoweee322@rambler.ru,Уборка
Леонид,eios@sibsutis.ru,Доставка
Мухаммад,izeytee@yahoo.com,Бухгалтерия
Александр,soul-catcher@yandex.ru,Уборка
Максим,lolimpo@gmail.com,Доставка
Александр,lolimpo@gmail.com,Поддержка
Мухаммад,izeytee@yahoo.com,Бухгалтерия
Александр,eios@sibsutis.ru,Менеджмент
Артур,eios@sibsutis.ru,Дебаггинг
Виктор,soul-catcher@yandex.ru,Поддержка
Алексей,lolimpo@gmail.com,Доставка
Алексей,lolimpo@gmail.com,Бухгалтерия
Дмитрий,snoweee322@rambler.ru,Поддержка
Артур,lolimpo@gmail.com,Разработка
Никита,gbggtw@mail.com,Поддержка
Сергей,izeytee@yahoo.com,Доставка
Вячеслав,lolimpo@gmail.com,Разработка
Леонид,soul-catcher@yandex.ru,Разработка
Евкакий,gbggtw@mail.com,Менеджмент
Вячеслав,realtura@hotmail.com,Доставка
Дмитрий,snoweee322@rambler.ru,Бухгалтерия
Вячеслав,eios@sibsutis.ru,Поддержка
Дмитрий,lolimpo@gmail.com,Разработка
Сергей,eios@sibsutis.ru,Разработка
Мухаммад,gbggtw@mail.com,Бухгалтерия
Виктор,gbggtw@mail.com,Менеджмент
Никита,gbggtw@mail.com,Бухгалтерия
Леонид,izeytee@yahoo.com,Поддержка
Александр,realtura@hotmail.com,Поддержка
Кирилл,gbggtw@mail.com,Уборка
Никита,kkirrill@mail.ru,Бухгалтерия
Никита,soul-catcher@yandex.ru,Бухгалтерия
Дмитрий,kkirrill@mail.ru,Бухгалтерия
Виктор,izeytee@yahoo.com,Дебаггинг
Виктор,izeytee@yahoo.com,Поддержка
Максим,kkirrill@mail.ru,Разработка
Леонид,kkirrill@mail.ru,Бухгалтерия
Сергей,snoweee322@rambler.ru,Уборка
Евкакий,eios@sibsutis.ru,Разработка
Алексей,eios@sibsutis.ru,Уборка
Виктор,eios@sibsutis.ru,Доставка
Сергей,izeytee@yahoo.com,Разработка
Евкакий,izeytee@yahoo.com,Менеджмент
Кирилл,lolimpo@gmail.com,Бухгалтерия
Максим,snoweee322@rambler.ru,Поддержка
Сергей,eios@sibsutis.ru,Уборка
Дмитрий,eios@sibsutis.ru,Бухгалтерия
Никита,lolimpo@gmail.com,Разработка
Кирилл,soul-catcher@yandex.ru,Дебаггинг
Мухаммад,eios@sibsutis.ru,Бухгалтерия
Максим,izeytee@yahoo.com,Бухгалтерия
Артур,kkirrill@mail.ru,Бухгалтерия
Алексей,snoweee322@rambler.ru,Дебаггинг
Вячеслав,realtura@hotmail.com,Доставка
Сергей,realtura@hotmail.com,Уборка
Вячеслав,kkirrill@mail.ru,Уборка
Виктор,izeytee@yahoo.com,Разработка
Артур,izeytee@yahoo.com,Дебаггинг
Кирилл,izeytee@yahoo.com,Доставка
Александр,lolimpo@gmail.com,Поддержка
Леонид,lolimpo@gmail.com,Разработка
Алексей,lolimpo@gmail.com,Менеджмент
Сергей,soul-catcher@yandex.ru,Доставка
Александр,kkirrill@mail.ru,Разработка
Артур,gbggtw@mail.com,Доставка
Никита,snoweee322@rambler.ru,Менеджмент
Алексей,lolimpo@gmail.com,Бухгалтерия
Виктор,izeytee@yahoo.com,Разработка
Вячеслав,eios@sibsutis.ru,Доставка
Алексей,soul-catcher@yandex.ru,Уборка
Артур,soul-catcher@yandex.ru,Бухгалтерия
Сергей,realtura@hotmail.com,Дебаггинг
Александр,snoweee322@rambler.ru,Бухгалтерия
Леонид,gbggtw@mail.com,Уборка
Максим,eios@sibsutis.ru,Поддержка
Евкакий,kkirrill@mail.ru,Бухгалтерия
Дмитрий,snoweee322@rambler.ru,Менеджмент
Артур,snoweee322@rambler.ru,Доставка
Евкакий,lolimpo@gmail.com,Дебаггинг
Евкакий,eios@sibsutis.ru,Доставка
Леонид,soul-catcher@yandex.ru,Уборка
Евкакий,gbggtw@mail.com,Дебаггинг
Вячеслав,realtura@hotmail.com,Уборка
Никита,izeytee@yahoo.com,Поддержка
Мухаммад,soul-catcher@yandex.ru,Доставка
Виктор,snoweee322@rambler.ru,Разработка
Кирилл,realtura@hotmail.com,Уборка
Максим,snoweee322@rambler.ru,Дебаггинг
Кирилл,realtura@hotmail.com,Бухгалтерия
Вячеслав,kkirrill@mail.ru,Уборка
Евкакий,kkirrill@mail.ru,Поддержка
Евкакий,snoweee322@rambler.ru,Доставка
Вячеслав,gbggtw@mail.com,Разработка
Мухаммад,kkirrill@mail.ru,Менеджмент
Алексей,realtura@hotmail.com,Менеджмент
Максим,kkirrill@mail.ru,Дебаггинг
Виктор,eios@sibsutis.ru,Доставка
Евкакий,gbggtw@mail.com,Доставка
Дмитрий,realtura@hotmail.com,Дебаггинг
Александр,gbggtw@mail.com,Дебаггинг
Максим,gbggtw@mail.com,Дебаггинг
Никита,eios@sibsutis.ru,Бухгалтерия
Дмитрий,snoweee322@rambler.ru,Менеджмент
Кирилл,soul-catcher@yandex.ru,Дебаггинг
Сергей,realtura@hotmail.com,Менеджмент
Мухаммад,realtura@hotmail.com,Доставка
Евкакий,izeytee@yahoo.com,Поддержка
Алексей,gbggtw@mail.com,Разработка
Максим,eios@sibsutis.ru,Доставка
Сергей,eios@sibsutis.ru,Поддержка
Мухаммад,lolimpo@gmail.com,Уборка
Леонид,soul-catcher@yandex.ru,Бухгалтерия
Артур,soul-catcher@yandex.ru,Разработка
Максим,izeytee@yahoo.com,Разработка
Артур,snoweee322@rambler.ru,Дебаггинг
Артур,kkirrill@mail.ru,Бухгалтерия
Александр,izeytee@yahoo.com,Дебаггинг
Алексей,eios@sibsutis.ru,Разработка
Дмитрий,gbggtw@mail.com,Бухгалтерия
Дмитрий,realtura@hotmail.com,Бухгалтерия
Сергей,snoweee322@rambler.ru,Бухгалтерия
Сергей,kkirrill@mail.ru,Уборка
Евкакий,snoweee322@rambler.ru,Дебаггинг
Вячеслав,gbggtw@mail.com,Поддержка
Леонид,snoweee322@rambler.ru,Поддержка
Вячеслав,kkirrill@mail.ru,Бухгалтерия
Леонид,snoweee322@rambler.ru,Доставка
Артур,kkirrill@mail.ru,Дебаггинг
Максим,izeytee@yahoo.com,Уборка
Сергей,gbggtw@mail.com,Менеджмент
Мухаммад,lolimpo@gmail.com,Доставка
Никита,izeytee@yahoo.com,Разработка
Виктор,soul-catcher@yandex.ru,Уборка
Кирилл,kkirrill@mail.ru,Менеджмент
Вячеслав,realtura@hotmail.com,Бухгалтерия
Евкакий,izeytee@yahoo.com,Дебаггинг
Дмитрий,snoweee322@rambler.ru,Доставка
Сергей,eios@sibsutis.ru,Доставка
Леонид,lolimpo@gmail.com,Разработка
Максим,realtura@hotmail.com,Доставка
Мухаммад,soul-catcher@yandex.ru,Поддержка
Леонид,soul-catcher@yandex.ru,Менеджмент
Мухаммад,gbggtw@mail.com,Доставка
Максим,izeytee@yahoo.com,Поддержка
Никита,kkirrill@mail.ru,Поддержка
Евкакий,realtura@hotmail.com,Уборка
Дмитрий,kkirrill@mail.ru,Поддержка
Евкакий,realtura@hotmail.com,Бухгалтерия
Никита,lolimpo@gmail.com,Уборка
Артур,lolimpo@gmail.com,Менеджмент
Дмитрий,soul-catcher@yandex.ru,Менеджмент
Евкакий,soul-catcher@yandex.ru,Дебаггинг
Максим,snoweee322@rambler.ru,Доставка
Леонид,soul-catcher@yandex.ru,Бухгалтерия
Алексей,gbggtw@mail.com,Дебаггинг
Алексей,eios@sibsutis.ru,Бухгалтерия
Мухаммад,soul-catcher@yandex.ru,Разработка
Вячеслав,snoweee322@rambler.ru,Уборка
Максим,kkirrill@mail.ru,Доставка
Сергей,eios@sibsutis.ru,Разработка
Сергей,snoweee322@rambler.ru,Уборка
Артур,soul-catcher@yandex.ru,Бухгалтерия
Виктор,realtura@hotmail.com,Дебаггинг
Виктор,soul-catcher@yandex.ru,Разработка
Сергей,gbggtw@mail.com,Уборка
Максим,soul-catcher@yandex.ru,Разработка
Александр,kkirrill@mail.ru,Дебаггинг
Никита,realtura@hotmail.com,Доставка
Леонид,gbggtw@mail.com,Поддержка
Алексей,realtura@hotmail.com,Разработка
Виктор,lolimpo@gmail.com,Разработка
Никита,soul-catcher@yandex.ru,Поддержка
Максим,kkirrill@mail.ru,Дебаггинг
Алексей,snoweee322@rambler.ru,Дебаггинг
Александр,soul-catcher@yandex.ru,Дебаггинг
Дмитрий,eios@sibsutis.ru,Разработка
Евкакий,izeytee@yahoo.com,Бухгалтерия
Александр,eios@sibsutis.ru,Уборка
Сергей,gbggtw@mail.com,Доставка
Мухаммад,realtura@hotmail.com,Поддержка
Вячеслав,eios@sibsutis.ru,Разработка
Мухаммад,soul-catcher@yandex.ru,Менеджмент
Виктор,lolimpo@gmail.com,Доставка
Евкакий,realtura@hotmail.com,Уборка
Артур,realtura@hotmail.com,Разработка
Леонид,izeytee@yahoo.com,Поддержка
Вячеслав,eios@sibsutis.ru,Дебаггинг
Никита,lolimpo@gmail.com,Дебаггинг
Леонид,gbggtw@mail.com,Бухгалтерия
Евкакий,eios@sibsutis.ru,Менеджмент
Леонид,izeytee@yahoo.com,Менеджмент
Артур,eios@sibsutis.ru,Дебаггинг
Евкакий,gbggtw@mail.com,Менеджмент
Евкакий,lolimpo@gmail.com,Разработка
Максим,izeytee@yahoo.com,Разработка
Леонид,soul-catcher@yandex.ru,Уборка
Максим,soul-catcher@yandex.ru,Разработка
Мухаммад,izeytee@yahoo.com,Бухгалтерия
Дмитрий,lolimpo@gmail.com,Менеджмент
Вячеслав,lolimpo@gmail.com,Уборка
Алексей,kkirrill@mail.ru,Бухгалтерия
Мухаммад,gbggtw@mail.com,Дебаггинг
Максим,kkirrill@mail.ru,Поддержка
Виктор,soul-catcher@yandex.ru,Менеджмент
Леонид,gbggtw@mail.com,Дебаггинг
Александр,gbggtw@mail.com,Менеджмент
Артур,realtura@hotmail.com,Разработка
Алексей,kkirrill@mail.ru,Доставка
Артур,eios@sibsutis.ru,Уборка
Мухаммад,eios@sibsutis.ru,Разработка
Артур,eios@sibsutis.ru,Бухгалтерия
Александр,soul-catcher@yandex.ru,Доставка
Евкакий,soul-catcher@yandex.ru,Менеджмент
Евкакий,soul-catcher@yandex.ru,Менеджмент
Евкакий,realtura@hotmail.com,Доставка
Максим,soul-catcher@yandex.ru,Бухгалтерия
Евкакий,kkirrill@mail.ru,Разработка
Дмитрий,soul-catcher@yandex.ru,Разработка
Никита,kkirrill@mail.ru,Уборка
Артур,lolimpo@gmail.com,Доставка
Артур,izeytee@yahoo.com,Поддержка
Дмитрий,realtura@hotmail.com,Доставка
Алексей,snoweee322@rambler.ru,Дебаггинг
Никита,izeytee@yahoo.com,Бухгалтерия
Максим,gbggtw@mail.com,Дебаггинг
Дмитрий,gbggtw@mail.com,Бухгалтерия
Виктор,lolimpo@gmail.com,Менеджмент
Виктор,realtura@hotmail.com,Дебаггинг
Дмитрий,eios@sibsutis.ru,Поддержка
Мухаммад,realtura@hotmail.com,Бухгалтерия
Никита,soul-catcher@yandex.ru,Бухгалтерия
Евкакий,gbggtw@mail.com,Бухгалтерия
Сергей,kkirrill@mail.ru,Доставка
Виктор,realtura@hotmail.com,Бухгалтерия
Виктор,soul-catcher@yandex.ru,Поддержка
Леонид,soul-catcher@yandex.ru,Бухгалтерия
Евкакий,realtura@hotmail.com,Уборка
Леонид,soul-catcher@yandex.ru,Бухгалтерия
Мухаммад,soul-catcher@yandex.ru,Уборка
Кирилл,izeytee@yahoo.com,Менеджмент
Дмитрий,snoweee322@rambler.ru,Бухгалтерия
Артур,eios@sibsutis.ru,Доставка
Алексей,realtura@hotmail.com,Уборка
Александр,realtura@hotmail.com,Уборка
Алексей,realtura@hotmail.com,Дебаггинг
Леонид,izeytee@yahoo.com,Дебаггинг
Дмитрий,eios@sibsutis.ru,Бухгалтерия
Сергей,snoweee322@rambler.ru,Дебаггинг
Максим,eios@sibsutis.ru,Бухгалтерия
Дмитрий,kkirrill@mail.ru,Разработка
Евкакий,eios@sibsutis.ru,Уборка
Александр,realtura@hotmail.com,Менеджмент
Дмитрий,izeytee@yahoo.com,Уборка
Максим,izeytee@yahoo.com,Бухгалтерия
Евкакий,realtura@hotmail.com,Менеджмент
Кирилл,izeytee@yahoo.com,Дебаггинг
Вячеслав,soul-catcher@yandex.ru,Менеджмент
Максим,realtura@hotmail.com,Доставка
Мухаммад,izeytee@yahoo.com,Разработка
Никита,eios@sibsutis.ru,Доставка
Кирилл,lolimpo@gmail.com,Бухгалтерия
Кирилл,kkirrill@mail.ru,Доставка
Вячеслав,lolimpo@gmail.com,Разработка
Виктор,realtura@hotmail.com,Дебаггинг
Вячеслав,realtura@hotmail.com,Разработка
Мухаммад,kkirrill@mail.ru,Дебаггинг
Никита,kkirrill@mail.ru,Бухгалтерия
Максим,lolimpo@gmail.com,Поддержка
Вячеслав,eios@sibsutis.ru,Дебаггинг
Сергей,kkirrill@mail.ru,Разработка
Сергей,gbggtw@mail.com,Разработка
Кирилл,izeytee@yahoo.com,Поддержка
Никита,soul-catcher@yandex.ru,Дебаггинг
Кирилл,lolimpo@gmail.com,Поддержка
Максим,eios@sibsutis.ru,Менеджмент
Мухаммад,soul-catcher@yandex.ru,Менеджмент
Дмитрий,realtura@hotmail.com,Поддержка
Максим,eios@sibsutis.ru,Доставка
Вячеслав,soul-catcher@yandex.ru,Поддержка
Алексей,soul-catcher@yandex.ru,Менеджмент
Дмитрий,realtura@hotmail.com,Уборка
Вячеслав,lolimpo@gmail.com,Доставка
Вячеслав,izeytee@yahoo.com,Бухгалтерия
Александр,izeytee@yahoo.com,Доставка
Алексей,realtura@hotmail.com,Менеджмент
Вячеслав,izeytee@yahoo.com,Менеджмент
Дмитрий,gbggtw@mail.com,Уборка
Максим,snoweee322@rambler.ru,Поддержка
Мухаммад,eios@sibsutis.ru,Менеджмент
Никита,kkirrill@mail.ru,Дебаггинг
Никита,snoweee322@rambler.ru,Бухгалтерия
Вячеслав,izeytee@yahoo.com,Разработка
Артур,izeytee@yahoo.com,Дебаггинг
Дмитрий,snoweee322@rambler.ru,Доставка
Дмитрий,izeytee@yahoo.com,Дебаггинг
Дмитрий,soul-catcher@yandex.ru,Менеджмент
Евкакий,eios@sibsutis.ru,Уборка
Максим,soul-catcher@yandex.ru,Уборка
Мухаммад,realtura@hotmail.com,Доставка
Вячеслав,soul-catcher@yandex.ru,Дебаггинг
Александр,snoweee322@rambler.ru,Менеджмент
Леонид,lolimpo@gmail.com,Менеджмент
Сергей,gbggtw@mail.com,Поддержка
Кирилл,izeytee@yahoo.com,Уборка
Никита,soul-catcher@yandex.ru,Дебаггинг
Алексей,gbggtw@mail.com,Менеджмент
Алексей,realtura@hotmail.com,Дебаггинг
Кирилл,izeytee@yahoo.com,Дебаггинг
Максим,snoweee322@rambler.ru,Доставка
Никита,kkirrill@mail.ru,Бухгалтерия
Кирилл,soul-catcher@yandex.ru,Поддержка
Александр,lolimpo@gmail.com,Уборка
Кирилл,lolimpo@gmail.com,Разработка
Леонид,realtura@hotmail.com,Бухгалтерия
Алексей,realtura@hotmail.com,Дебаггинг
Никита,gbggtw@mail.com,Разработка
Алексей,realtura@hotmail.com,Уборка
Сергей,gbggtw@mail.com,Менеджмент
Сергей,lolimpo@gmail.com,Разработка
Никита,lolimpo@gmail.com,Менеджмент
Никита,eios@sibsutis.ru,Доставка
Артур,kkirrill@mail.ru,Уборка
Артур,realtura@hotmail.com,Поддержка
Евкакий,gbggtw@mail.com,Дебаггинг
Дмитрий,realtura@hotmail.com,Дебаггинг
Сергей,soul-catcher@yandex.ru,Доставка
Никита,izeytee@yahoo.com,Менеджмент
Сергей,eios@sibsutis.ru,Менеджмент
Дмитрий,lolimpo@gmail.com,Дебаггинг
Александр,snoweee322@rambler.ru,Уборка
Александр,snoweee322@rambler.ru,Менеджмент
Александр,eios@sibsutis.ru,Менеджмент
Сергей,izeytee@yahoo.com,Менеджмент
Максим,snoweee322@rambler.ru,Бухгалтерия
Максим,lolimpo@gmail.com,Поддержка
Вячеслав,lolimpo@gmail.com,Уборка
Мухаммад,eios@sibsutis.ru,Поддержка
Сергей,kkirrill@mail.ru,Разработка
Максим,snoweee322@rambler.ru,Доставка
Никита,gbggtw@mail.com,Бухгалтерия
Никита,gbggtw@mail.com,Уборка
Артур,soul-catcher@yandex.ru,Дебаггинг
Виктор,snoweee322@rambler.ru,Уборка
Александр,soul-catcher@yandex.ru,Поддержка
Артур,snoweee322@rambler.ru,Менеджмент
Артур,kkirrill@mail.ru,Бухгалтерия
Мухаммад,gbggtw@mail.com,Уборка
Мухаммад,lolimpo@gmail.com,Уборка
Мухаммад,kkirrill@mail.ru,Поддержка
Дмитрий,eios@sibsutis.ru,Менеджмент
Сергей,kkirrill@mail.ru,Бухгалтерия
Алексей,lolimpo@gmail.com,Доставка
Евкакий,kkirrill@mail.ru,Бухгалтерия
Никита,gbggtw@mail.com,Разработка
Сергей,lolimpo@gmail.com,Разработка
Виктор,lolimpo@gmail.com,Поддержка
Алексей,realtura@hotmail.com,Дебаггинг
Сергей,lolimpo@gmail.com,Бухгалтерия
Мухаммад,lolimpo@gmail.com,Доставка
Артур,kkirrill@mail.ru,Доставка
Дмитрий,snoweee322@rambler.ru,Доставка
Мухаммад,gbggtw@mail.com,Поддержка
Дмитрий,soul-catcher@yandex.ru,Бухгалтерия
Артур,snoweee322@rambler.ru,Доставка
Леонид,kkirrill@mail.ru,Менеджмент
Мухаммад,soul-catcher@yandex.ru,Разработка
Артур,izeytee@yahoo.com,Поддержка
Леонид,gbggtw@mail.com,Дебаггинг
Александр,soul-catcher@yandex.ru,Дебаггинг
Максим,gbggtw@mail.com,Бухгалтерия
Леонид,realtura@hotmail.com,Менеджмент
Евкакий,soul-catcher@yandex.ru,Разработка
Никита,eios@sibsutis.ru,Поддержка
Никита,realtura@hotmail.com,Доставка
Максим,lolimpo@gmail.com,Доставка
Евкакий,eios@sibsutis.ru,Дебаггинг
Name,Email,Project
Никита,kkirrill@mail.ru,Доставка
Мухаммад,eios@sibsutis.ru,Поддержка
Александр,lolimpo@gmail.com,Бухгалтерия
Виктор,lolimpo@gmail.com,Бухгалтерия
Максим,gbggtw@mail.com,Поддержка
Никита,gbggtw@mail.com,Разработка
Сергей,eios@sibsutis.ru,Менеджмент
Кирилл,realtura@hotmail.com,Бухгалтерия
Никита,gbggtw@mail.com,Поддержка
Дмитрий,kkirrill@mail.ru,Доставка
Александр,realtura@hotmail.com,Доставка
Алексей,snoweee322@rambler.ru,Менеджмент
Кирилл,kkirrill@mail.ru,Доставка
Виктор,kkirrill@mail.ru,Бухгалтерия
Александр,snoweee322@rambler.ru,Бухгалтерия
Леонид,realtura@hotmail.com,Уборка
Александр,realtura@hotmail.com,Дебаггинг
Сергей,soul-catcher@yandex.ru,Поддержка
Дмитрий,lolimpo@gmail.com,Уборка
Дмитрий,izeytee@yahoo.com,Разработка
Алексей,eios@sibsutis.ru,Дебаггинг
Кирилл,snoweee322@rambler.ru,Бухгалтерия
Алексей,realtura@hotmail.com,Дебаггинг
Вячеслав,lolimpo@gmail.com,Поддержка
Никита,kkirrill@mail.ru,Дебаггинг
Виктор,izeytee@yahoo.com,Разработка
Евкакий,gbggtw@mail.com,Поддержка
Мухаммад,snoweee322@rambler.ru,Дебаггинг
Кирилл,snoweee322@rambler.ru,Доставка
Леонид,kkirrill@mail.ru,Разработка
Сергей,lolimpo@gmail.com,Разработка
Сергей,kkirrill@mail.ru,Разработка
Алексей,izeytee@yahoo.com,Менеджмент
Максим,izeytee@yahoo.com,Дебаггинг
Вячеслав,snoweee322@rambler.ru,Доставка
Евкакий,realtura@hotmail.com,Уборка
Кирилл,gbggtw@mail.com,Бухгалтерия
Александр,gbggtw@mail.com,Доставка
Сергей,snoweee322@rambler.ru,Поддержка
Кирилл,izeytee@yahoo.com,Бухгалтерия
Никита,gbggtw@mail.com,Уборка
Артур,soul-catcher@yandex.ru,Бухгалтерия
Леонид,lolimpo@gmail.com,Дебаггинг
Кирилл,soul-catcher@yandex.ru,Дебаггинг
Кирилл,eios@sibsutis.ru,Уборка
Артур,kkirrill@mail.ru,Уборка
Артур,lolimpo@gmail.com,Доставка
Сергей,izeytee@yahoo.com,Доставка
Дмитрий,kkirrill@mail.ru,Поддержка
Виктор,lolimpo@gmail.com,Уборка
Алексей,kkirrill@mail.ru,Разработка
Сергей,eios@sibsutis.ru,Доставка
Никита,eios@sibsutis.ru,Поддержка
Мухаммад,eios@sibsutis.ru,Бухгалтерия
Алексей,snoweee322@rambler.ru,Разработка
Вячеслав,gbggtw@mail.com,Доставка
Александр,snoweee322@rambler.ru,Дебаггинг
Дмитрий,snoweee322@rambler.ru,Уборка
Дмитрий,kkirrill@mail.ru,Бухгалтерия
Алексей,soul-catcher@yandex.ru,Доставка
Мухаммад,gbggtw@mail.com,Поддержка
Мухаммад,izeytee@yahoo.com,Бухгалтерия
Мухаммад,izeytee@yahoo.com,Доставка
Евкакий,eios@sibsutis.ru,Разработка
Артур,gbggtw@mail.com,Уборка
Максим,snoweee322@rambler.ru,Поддержка
Сергей,kkirrill@mail.ru,Уборка
Вячеслав,snoweee322@rambler.ru,Менеджмент
Виктор,gbggtw@mail.com,Поддержка
Мухаммад,realtura@hotmail.com,Доставка
Леонид,izeytee@yahoo.com,Дебаггинг
Дмитрий,izeytee@yahoo.com,Менеджмент
Мухаммад,kkirrill@mail.ru,Поддержка
Евкакий,realtura@hotmail.com,Бухгалтерия
Леонид,soul-catcher@yandex.ru,Уборка
Алексей,soul-catcher@yandex.ru,Поддержка
Алексей,realtura@hotmail.com,Поддержка
Алексей,realtura@hotmail.com,Бухгалтерия
Кирилл,soul-catcher@yandex.ru,Разработка
Александр,kkirrill@mail.ru,Доставка
Мухаммад,izeytee@yahoo.com,Дебаггинг
Никита,kkirrill@mail.ru,Менеджмент
Мухаммад,soul-catcher@yandex.ru,Поддержка
Александр,gbggtw@mail.com,Дебаггинг
Сергей,izeytee@yahoo.com,Разработка
Вячеслав,izeytee@yahoo.com,Доставка
Артур,kkirrill@mail.ru,Разработка
Максим,gbggtw@mail.com,Менеджмент
Мухаммад,eios@sibsutis.ru,Доставка
Александр,snoweee322@rambler.ru,Уборка
Максим,lolimpo@gmail.com,Разработка
Мухаммад,kkirrill@mail.ru,Дебаггинг
Леонид,kkirrill@mail.ru,Поддержка
Никита,gbggtw@mail.com,Уборка
Александр,gbggtw@mail.com,Бухгалтерия
Никита,soul-catcher@yandex.ru,Поддержка
Виктор,realtura@hotmail.com,Поддержка
Артур,izeytee@yahoo.com,Уборка
Алексей,gbggtw@mail.com,Доставка
Дмитрий,izeytee@yahoo.com,Менеджмент
Вячеслав,lolimpo@gmail.com,Бухгалтерия
Мухаммад,gbggtw@mail.com,Менеджмент
Мухаммад,snoweee322@rambler.ru,Бухгалтерия
Вячеслав,soul-catcher@yandex.ru,Доставка
Александр,lolimpo@gmail.com,Дебаггинг
Дмитрий,gbggtw@mail.com,Уборка
Мухаммад,izeytee@yahoo.com,Менеджмент
Сергей,gbggtw@mail.com,Менеджмент
Кирилл,gbggtw@mail.com,Бухгалтерия
Леонид,gbggtw@mail.com,Дебаггинг
Алексей,gbggtw@mail.com,Уборка
Максим,izeytee@yahoo.com,Разработка
Мухаммад,kkirrill@mail.ru,Доставка
Алексей,eios@sibsutis.ru,Дебаггинг
Максим,realtura@hotmail.com,Доставка
Евкакий,snoweee322@rambler.ru,Доставка
Леонид,soul-catcher@yandex.ru,Дебаггинг
Мухаммад,kkirrill@mail.ru,Дебаггинг
Сергей,gbggtw@mail.com,Уборка
Алексей,izeytee@yahoo.com,Разработка
Артур,realtura@hotmail.com,Бухгалтерия
Максим,izeytee@yahoo.com,Уборка
Виктор,izeytee@yahoo.com,Поддержка
Виктор,eios@sibsutis.ru,Менеджмент
Сергей,izeytee@yahoo.com,Бухгалтерия
Дмитрий,kkirrill@mail.ru,Бухгалтерия
Сергей,snoweee322@rambler.ru,Дебаггинг
Дмитрий,snoweee322@rambler.ru,Разработка
Александр,lolimpo@gmail.com,Доставка
Дмитрий,eios@sibsutis.ru,Уборка
Мухаммад,realtura@hotmail.com,Разработка
Артур,realtura@hotmail.com,Уборка
Виктор,snoweee322@rambler.ru,Бухгалтерия
Сергей,lolimpo@gmail.com,Уборка
Алексей,snoweee322@rambler.ru,Уборка
Мухаммад,kkirrill@mail.ru,Бухгалтерия
Сергей,soul-catcher@yandex.ru,Поддержка
Артур,snoweee322@rambler.ru,Разработка
Никита,gbggtw@mail.com,Бухгалтерия
Кирилл,realtura@hotmail.com,Уборка
Максим,kkirrill@mail.ru,Дебаггинг
Виктор,snoweee322@rambler.ru,Дебаггинг
Вячеслав,realtura@hotmail.com,Уборка
Сергей,eios@sibsutis.ru,Доставка
Виктор,lolimpo@gmail.com,Доставка
Кирилл,gbggtw@mail.com,Уборка
Виктор,realtura@hotmail.com,Доставка
Вячеслав,kkirrill@mail.ru,Разработка
Максим,snoweee322@rambler.ru,Бухгалтерия
Сергей,kkirrill@mail.ru,Разработка
Кирилл,lolimpo@gmail.com,Менеджмент
Артур,soul-catcher@yandex.ru,Бухгалтерия
Александр,gbggtw@mail.com,Поддержка
Вячеслав,eios@sibsutis.ru,Бухгалтерия
Никита,realtura@hotmail.com,Разработка
Кирилл,gbggtw@mail.com,Менеджмент
Кирилл,soul-catcher@yandex.ru,Разработка
Евкакий,soul-catcher@yandex.ru,Бухгалтерия
Виктор,realtura@hotmail.com,Доставка
Сергей,izeytee@yahoo.com,Дебаггинг
Кирилл,gbggtw@mail.com,Дебаггинг
Леонид,snoweee322@rambler.ru,Бухгалтерия
Кирилл,realtura@hotmail.com,Дебаггинг
Артур,soul-catcher@yandex.ru,Разработка
Дмитрий,lolimpo@gmail.com,Бухгалтерия
Евкакий,eios@sibsutis.ru,Разработка
Вячеслав,izeytee@yahoo.com,Бухгалтерия
Виктор,realtura@hotmail.com,Дебаггинг
Артур,soul-catcher@yandex.ru,Бухгалтерия
Артур,eios@sibsutis.ru,Менеджмент
Леонид,eios@sibsutis.ru,Уборка
Артур,gbggtw@mail.com,Доставка
Артур,kkirrill@mail.ru,Бухгалтерия
Кирилл,lolimpo@gmail.com,Разработка
Никита,soul-catcher@yandex.ru,Дебаггинг
Артур,lolimpo@gmail.com,Разработка
Максим,kkirrill@mail.ru,Доставка
Максим,lolimpo@gmail.com,Бухгалтерия
Дмитрий,lolimpo@gmail.com,Менеджмент
Никита,kkirrill@mail.ru,Разработка
Дмитрий,kkirrill@mail.ru,Разработка
Никита,realtura@hotmail.com,Разработка
Леонид,kkirrill@mail.ru,Менеджмент
Сергей,snoweee322@rambler.ru,Менеджмент
Дмитрий,gbggtw@mail.com,Бухгалтерия
Дмитрий,kkirrill@mail.ru,Уборка
Кирилл,snoweee322@rambler.ru,Разработка
Леонид,realtura@hotmail.com,Поддержка
Евкакий,lolimpo@gmail.com,Поддержка
Максим,kkirrill@mail.ru,Доставка
Леонид,kkirrill@mail.ru,Уборка
Александр,soul-catcher@yandex.ru,Уборка
Никита,lolimpo@gmail.com,Бухгалтерия
Александр,eios@sibsutis.ru,Дебаггинг
Сергей,lolimpo@gmail.com,Дебаггинг
Никита,kkirrill@mail.ru,Менеджмент
Евкакий,izeytee@yahoo.com,Менеджмент
Александр,izeytee@yahoo.com,Уборка
Алексей,soul-catcher@yandex.ru,Бухгалтерия
Артур,lolimpo@gmail.com,Уборка
Леонид,soul-catcher@yandex.ru,Поддержка
Александр,izeytee@yahoo.com,Доставка
Виктор,snoweee322@rambler.ru,Поддержка
Дмитрий,lolimpo@gmail.com,Бухгалтерия
Кирилл,eios@sibsutis.ru,Разработка
Виктор,gbggtw@mail.com,Поддержка
Максим,snoweee322@rambler.ru,Менеджмент
Евкакий,izeytee@yahoo.com,Доставка
Алексей,realtura@hotmail.com,Менеджмент
Мухаммад,lolimpo@gmail.com,Поддержка
Дмитрий,realtura@hotmail.com,Разработка
Дмитрий,gbggtw@mail.com,Дебаггинг
Виктор,lolimpo@gmail.com,Доставка
Сергей,lolimpo@gmail.com,Уборка
Артур,snoweee322@rambler.ru,Менеджмент
Виктор,izeytee@yahoo.com,Доставка
Дмитрий,soul-catcher@yandex.ru,Дебаггинг
Вячеслав,snoweee322@rambler.ru,Разработка
Артур,eios@sibsutis.ru,Дебаггинг
Евкакий,eios@sibsutis.ru,Уборка
Сергей,snoweee322@rambler.ru,Менеджмент
Виктор,realtura@hotmail.com,Доставка
Вячеслав,kkirrill@mail.ru,Дебаггинг
Сергей,eios@sibsutis.ru,Менеджмент
Алексей,gbggtw@mail.com,Уборка
Дмитрий,snoweee322@rambler.ru,Поддержка
Евкакий,eios@sibsutis.ru,Бухгалтерия
Вячеслав,kkirrill@mail.ru,Уборка
Кирилл,realtura@hotmail.com,Разработка
Александр,snoweee322@rambler.ru,Разработка
Евкакий,gbggtw@mail.com,Поддержка
Максим,snoweee322@rambler.ru,Уборка
Александр,soul-catcher@yandex.ru,Доставка
Алексей,soul-catcher@yandex.ru,Менеджмент
Александр,izeytee@yahoo.com,Разработка
Александр,eios@sibsutis.ru,Дебаггинг
Виктор,kkirrill@mail.ru,Уборка
Сергей,snoweee322@rambler.ru,Разработка
Никита,realtura@hotmail.com,Разработка
Кирилл,lolimpo@gmail.com,Дебаггинг
Сергей,snoweee322@rambler.ru,Доставка
Вячеслав,gbggtw@mail.com,Разработка
Максим,lolimpo@gmail.com,Поддержка
Евкакий,realtura@hotmail.com,Разработка
Евкакий,soul-catcher@yandex.ru,Дебаггинг
Евкакий,eios@sibsutis.ru,Уборка
Леонид,lolimpo@gmail.com,Дебаггинг
Алексей,kkirrill@mail.ru,Бухгалтерия
Александр,izeytee@yahoo.com,Дебаггинг
Максим,gbggtw@mail.com,Поддержка
Максим,snoweee322@rambler.ru,Поддержка
Кирилл,eios@sibsutis.ru,Разработка
Артур,kkirrill@mail.ru,Разработка
Евкакий,izeytee@yahoo.com,Дебаггинг
Артур,gbggtw@mail.com,Бухгалтерия
Мухаммад,gbggtw@mail.com,Бухгалтерия
Мухаммад,soul-catcher@yandex.ru,Бухгалтерия
Виктор,izeytee@yahoo.com,Менеджмент
Виктор,soul-catcher@yandex.ru,Доставка
Мухаммад,izeytee@yahoo.com,Дебаггинг
Евкакий,kkirrill@mail.ru,Менеджмент
Никита,soul-catcher@yandex.ru,Дебаггинг
Александр,izeytee@yahoo.com,Доставка
Артур,eios@sibsutis.ru,Дебаггинг
Евкакий,snoweee322@rambler.ru,Разработка
Артур,gbggtw@mail.com,Доставка
Мухаммад,soul-catcher@yandex.ru,Бухгалтерия
Сергей,realtura@hotmail.com,Доставка
Артур,eios@sibsutis.ru,Разработка
Дмитрий,izeytee@yahoo.com,Разработка
Евкакий,lolimpo@gmail.com,Бухгалтерия
Артур,izeytee@yahoo.com,Разработка
Дмитрий,gbggtw@mail.com,Уборка
Максим,soul-catcher@yandex.ru,Доставка
Леонид,snoweee322@rambler.ru,Доставка
Александр,lolimpo@gmail.com,Доставка
Сергей,izeytee@yahoo.com,Уборка
Александр,lolimpo@gmail.com,Бухгалтерия
Леонид,soul-catcher@yandex.ru,Уборка
Виктор,kkirrill@mail.ru,Разработка
Алексей,izeytee@yahoo.com,Менеджмент
Кирилл,izeytee@yahoo.com,Менеджмент
Леонид,snoweee322@rambler.ru,Доставка
Виктор,izeytee@yahoo.com,Менеджмент
Сергей,realtura@hotmail.com,Поддержка
Алексей,snoweee322@rambler.ru,Дебаггинг
Артур,lolimpo@gmail.com,Бухгалтерия
Кирилл,soul-catcher@yandex.ru,Дебаггинг
Виктор,realtura@hotmail.com,Поддержка
Сергей,gbggtw@mail.com,Дебаггинг
Александр,snoweee322@rambler.ru,Дебаггинг
Вячеслав,snoweee322@rambler.ru,Доставка
Кирилл,lolimpo@gmail.com,Поддержка
Сергей,soul-catcher@yandex.ru,Бухгалтерия
Александр,gbggtw@mail.com,Доставка
Александр,lolimpo@gmail.com,Дебаггинг
Дмитрий,lolimpo@gmail.com,Поддержка
Евкакий,kkirrill@mail.ru,Бухгалтерия
Вячеслав,lolimpo@gmail.com,Бухгалтерия
Сергей,snoweee322@rambler.ru,Бухгалтерия
Сергей,soul-catcher@yandex.ru,Дебаггинг
Виктор,kkirrill@mail.ru,Бухгалтерия
Виктор,izeytee@yahoo.com,Поддержка
Дмитрий,soul-catcher@yandex.ru,Дебаггинг
Никита,lolimpo@gmail.com,Поддержка
Евкакий,lolimpo@gmail.com,Разработка
Вячеслав,snoweee322@rambler.ru,Дебаггинг
Максим,snoweee322@rambler.ru,Поддержка
Никита,kkirrill@mail.ru,Доставка
Сергей,eios@sibsutis.ru,Бухгалтерия
Никита,gbggtw@mail.com,Дебаггинг
Леонид,realtura@hotmail.com,Разработка
Сергей,lolimpo@gmail.com,Поддержка
Сергей,snoweee322@rambler.ru,Уборка
Вячеслав,lolimpo@gmail.com,Менеджмент
Никита,eios@sibsutis.ru,Доставка
Виктор,realtura@hotmail.com,Поддержка
Артур,soul-catcher@yandex.ru,Поддержка
Алексей,lolimpo@gmail.com,Уборка
Евкакий,gbggtw@mail.com,Доставка
Сергей,soul-catcher@yandex.ru,Менеджмент
Алексей,gbggtw@mail.com,Поддержка
Дмитрий,izeytee@yahoo.com,Уборка
Максим,eios@sibsutis.ru,Дебаггинг
Виктор,realtura@hotmail.com,Уборка
Артур,eios@sibsutis.ru,Разработка
Никита,realtura@hotmail.com,Доставка
Дмитрий,lolimpo@gmail.com,Дебаггинг
Мухаммад,soul-catcher@yandex.ru,Поддержка
Сергей,izeytee@yahoo.com,Уборка
Кирилл,gbggtw@mail.com,Дебаггинг
Никита,soul-catcher@yandex.ru,Поддержка
Артур,gbggtw@mail.com,Менеджмент
Никита,realtura@hotmail.com,Бухгалтерия
Никита,eios@sibsutis.ru,Разработка
Вячеслав,soul-catcher@yandex.ru,Бухгалтерия
Максим,lolimpo@gmail.com,Дебаггинг
Александр,lolimpo@gmail.com,Уборка
Евкакий,izeytee@yahoo.com,Доставка
Вячеслав,snoweee322@rambler.ru,Поддержка
Алексей,lolimpo@gmail.com,Менеджмент
Артур,gbggtw@mail.com,Менеджмент
Максим,eios@sibsutis.ru,Уборка
Кирилл,lolimpo@gmail.com,Доставка
Дмитрий,gbggtw@mail.com,Разработка
Мухаммад,kkirrill@mail.ru,Дебаггинг
Артур,soul-catcher@yandex.ru,Поддержка
Алексей,izeytee@yahoo.com,Разработка
Алексей,eios@sibsutis.ru,Менеджмент
Максим,gbggtw@mail.com,Бухгалтерия
Сергей,snoweee322@rambler.ru,Дебаггинг
Александр,lolimpo@gmail.com,Разработка
Кирилл,realtura@hotmail.com,Уборка
Дмитрий,realtura@hotmail.com,Бухгалтерия
Сергей,soul-catcher@yandex.ru,Уборка
Леонид,soul-catcher@yandex.ru,Бухгалтерия
Максим,eios@sibsutis.ru,Менеджмент
Мухаммад,gbggtw@mail.com,Поддержка
Александр,realtura@hotmail.com,Уборка
Виктор,snoweee322@rambler.ru,Разработка
Дмитрий,soul-catcher@yandex.ru,Разработка
Вячеслав,snoweee322@rambler.ru,Дебаггинг
Дмитрий,snoweee322@rambler.ru,Поддержка
Артур,lolimpo@gmail.com,Поддержка
Леонид,realtura@hotmail.com,Менеджмент
Сергей,snoweee322@rambler.ru,Бухгалтерия
Леонид,lolimpo@gmail.com,Поддержка
Александр,kkirrill@mail.ru,Доставка
Александр,realtura@hotmail.com,Поддержка
Евкакий,gbggtw@mail.com,Уборка
Алексей,kkirrill@mail.ru,Дебаггинг
Кирилл,izeytee@yahoo.com,Разработка
Дмитрий,realtura@hotmail.com,Менеджмент
Евкакий,gbggtw@mail.com,Уборка
Максим,soul-catcher@yandex.ru,Поддержка
Алексей,snoweee322@rambler.ru,Уборка
Максим,izeytee@yahoo.com,Уборка
Мухаммад,soul-catcher@yandex.ru,Менеджмент
Мухаммад,soul-catcher@yandex.ru,Бухгалтерия
Вячеслав,eios@sibsutis.ru,Разработка
Артур,izeytee@yahoo.com,Дебаггинг
Вячеслав,eios@sibsutis.ru,Разработка
Артур,gbggtw@mail.com,Уборка
Никита,gbggtw@mail.com,Бухгалтерия
Никита,lolimpo@gmail.com,Доставка
Артур,kkirrill@mail.ru,Доставка
Дмитрий,soul-catcher@yandex.ru,Доставка
Максим,realtura@hotmail.com,Поддержка
Мухаммад,kkirrill@mail.ru,Поддержка
Леонид,lolimpo@gmail.com,Разработка
Сергей,soul-catcher@yandex.ru,Дебаггинг
Дмитрий,gbggtw@mail.com,Поддержка
Мухаммад,gbggtw@mail.com,Поддержка
Виктор,gbggtw@mail.com,Менеджмент
Никита,soul-catcher@yandex.ru,Доставка
Сергей,eios@sibsutis.ru,Дебаггинг
Евкакий,realtura@hotmail.com,Дебаггинг
Максим,izeytee@yahoo.com,Поддержка
Александр,soul-catcher@yandex.ru,Поддержка
Кирилл,soul-catcher@yandex.ru,Разработка
Виктор,snoweee322@rambler.ru,Менеджмент
Никита,izeytee@yahoo.com,Бухгалтерия
Дмитрий,lolimpo@gmail.com,Бухгалтерия
Никита,realtura@hotmail.com,Уборка
Дмитрий,soul-catcher@yandex.ru,Уборка
Артур,izeytee@yahoo.com,Менеджмент
Дмитрий,realtura@hotmail.com,Доставка
Вячеслав,eios@sibsutis.ru,Менеджмент
Мухаммад,eios@sibsutis.ru,Бухгалтерия
Александр,soul-catcher@yandex.ru,Менеджмент
Мухаммад,eios@sibsutis.ru,Уборка
Алексей,realtura@hotmail.com,Менеджмент
Виктор,gbggtw@mail.com,Доставка
Артур,gbggtw@mail.com,Дебаггинг
Максим,snoweee322@rambler.ru,Уборка
Мухаммад,lolimpo@gmail.com,Доставка
Кирилл,eios@sibsutis.ru,Дебаггинг
Алексей,realtura@hotmail.com,Доставка
Сергей,kkirrill@mail.ru,Поддержка
Артур,snoweee322@rambler.ru,Доставка
Мухаммад,eios@sibsutis.ru,Менеджмент
Алексей,gbggtw@mail.com,Поддержка
Дмитрий,gbggtw@mail.com,Поддержка
Артур,eios@sibsutis.ru,Уборка
Мухаммад,realtura@hotmail.com,Менеджмент
Максим,eios@sibsutis.ru,Бухгалтерия
Дмитрий,soul-catcher@yandex.ru,Разработка
Кирилл,lolimpo@gmail.com,Дебаггинг
Александр,gbggtw@mail.com,Доставка
Мухаммад,snoweee322@rambler.ru,Уборка
Евкакий,soul-catcher@yandex.ru,Разработка
Алексей,snoweee322@rambler.ru,Поддержка
Виктор,gbggtw@mail.com,Дебаггинг
Кирилл,soul-catcher@yandex.ru,Дебаггинг
Сергей,eios@sibsutis.ru,Менеджмент
Артур,snoweee322@rambler.ru,Менеджмент
Дмитрий,eios@sibsutis.ru,Разработка
Александр,soul-catcher@yandex.ru,Уборка
Мухаммад,kkirrill@mail.ru,Поддержка
Вячеслав,lolimpo@gmail.com,Бухгалтерия
Вячеслав,lolimpo@gmail.com,Менеджмент
Кирилл,izeytee@yahoo.com,Бухгалтерия
Кирилл,izeytee@yahoo.com,Дебаггинг
Леонид,lolimpo@gmail.com,Доставка
Леонид,lolimpo@gmail.com,Разработка
Александр,gbggtw@mail.com,Доставка
Максим,eios@sibsutis.ru,Бухгалтерия
Кирилл,snoweee322@rambler.ru,Доставка
Евкакий,izeytee@yahoo.com,Поддержка
Евкакий,snoweee322@rambler.ru,Доставка
Артур,gbggtw@mail.com,Дебаггинг
Сергей,kkirrill@mail.ru,Доставка
Никита,lolimpo@gmail.com,Доставка
Вячеслав,lolimpo@gmail.com,Бухгалтерия
Алексей,soul-catcher@yandex.ru,Разработка
Дмитрий,lolimpo@gmail.com,Уборка
Сергей,lolimpo@gmail.com,Дебаггинг
Леонид,lolimpo@gmail.com,Дебаггинг
Александр,realtura@hotmail.com,Доставка
Максим,realtura@hotmail.com,Доставка
Артур,lolimpo@gmail.com,Разработка
Сергей,soul-catcher@yandex.ru,Разработка
Никита,eios@sibsutis.ru,Разработка
Александр,kkirrill@mail.ru,Поддержка
Леонид,snoweee322@rambler.ru,Дебаггинг
Александр,izeytee@yahoo.com,Разработка
Алексей,izeytee@yahoo.com,Менеджмент
Мухаммад,gbggtw@mail.com,Поддержка
Александр,snoweee322@rambler.ru,Доставка
Евкакий,eios@sibsutis.ru,Разработка
Артур,gbggtw@mail.com,Доставка
Мухаммад,eios@sibsutis.ru,Менеджмент
Сергей,lolimpo@gmail.com,Дебаггинг
Максим,eios@sibsutis.ru,Бухгалтерия
Виктор,izeytee@yahoo.com,Доставка
Никита,snoweee322@rambler.ru,Поддержка
Сергей,kkirrill@mail.ru,Уборка
Алексей,realtura@hotmail.com,Бухгалтерия
Артур,kkirrill@mail.ru,Доставка
Мухаммад,izeytee@yahoo.com,Разработка
Вячеслав,snoweee322@rambler.ru,Поддержка
Евкакий,kkirrill@mail.ru,Разработка
Вячеслав,lolimpo@gmail.com,Уборка
Александр,gbggtw@mail.com,Поддержка
Вячеслав,gbggtw@mail.com,Менеджмент
Александр,soul-catcher@yandex.ru,Уборка
Леонид,soul-catcher@yandex.ru,Бухгалтерия
Дмитрий,eios@sibsutis.ru,Бухгалтерия
Сергей,eios@sibsutis.ru,Разработка
Максим,realtura@hotmail.com,Менеджмент
Алексей,realtura@hotmail.com,Уборка
Виктор,soul-catcher@yandex.ru,Поддержка
Леонид,eios@sibsutis.ru,Доставка
Кирилл,snoweee322@rambler.ru,Менеджмент
Артур,snoweee322@rambler.ru,Доставка
Артур,kkirrill@mail.ru,Дебаггинг
Артур,soul-catcher@yandex.ru,Доставка
Виктор,snoweee322@rambler.ru,Дебаггинг
Артур,eios@sibsutis.ru,Уборка
Кирилл,eios@sibsutis.ru,Бухгалтерия
Дмитрий,eios@sibsutis.ru,Менеджмент
Дмитрий,realtura@hotmail.com,Поддержка
Евкакий,realtura@hotmail.com,Доставка
Леонид,kkirrill@mail.ru,Менеджмент
Никита,kkirrill@mail.ru,Поддержка
Александр,lolimpo@gmail.com,Уборка
Максим,izeytee@yahoo.com,Уборка
Леонид,soul-catcher@yandex.ru,Поддержка
Виктор,snoweee322@rambler.ru,Бухгалтерия
Александр,lolimpo@gmail.com,Менеджмент
Алексей,kkirrill@mail.ru,Поддержка
Александр,izeytee@yahoo.com,Менеджмент
Максим,soul-catcher@yandex.ru,Уборка
Дмитрий,eios@sibsutis.ru,Уборка
Артур,kkirrill@mail.ru,Уборка
Александр,kkirrill@mail.ru,Менеджмент
Леонид,gbggtw@mail.com,Дебаггинг
Сергей,izeytee@yahoo.com,Доставка
Евкакий,izeytee@yahoo.com,Поддержка
Александр,snoweee322@rambler.ru,Дебаггинг
Мухаммад,eios@sibsutis.ru,Доставка
Артур,eios@sibsutis.ru,Разработка
Сергей,gbggtw@mail.com,Менеджмент
Леонид,lolimpo@gmail.com,Бухгалтерия
Виктор,soul-catcher@yandex.ru,Уборка
Сергей,realtura@hotmail.com,Дебаггинг
Никита,lolimpo@gmail.com,Дебаггинг
Евкакий,soul-catcher@yandex.ru,Менеджмент
Евкакий,realtura@hotmail.com,Доставка
Вячеслав,eios@sibsutis.ru,Разработка
Максим,kkirrill@mail.ru,Менеджмент
Сергей,realtura@hotmail.com,Уборка
Мухаммад,realtura@hotmail.com,Менеджмент
Виктор,kkirrill@mail.ru,Доставка
Вячеслав,gbggtw@mail.com,Уборка
Мухаммад,kkirrill@mail.ru,Уборка
Дмитрий,eios@sibsutis.ru,Менеджмент
Леонид,lolimpo@gmail.com,Доставка
Леонид,izeytee@yahoo.com,Доставка
Никита,snoweee322@rambler.ru,Поддержка
Дмитрий,snoweee322@rambler.ru,Уборка
Сергей,kkirrill@mail.ru,Уборка
Кирилл,eios@sibsutis.ru,Разработка
Леонид,soul-catcher@yandex.ru,Доставка
Дмитрий,lolimpo@gmail.com,Доставка
Дмитрий,soul-catcher@yandex.ru,Дебаггинг
Сергей,lolimpo@gmail.com,Менеджмент
Мухаммад,snoweee322@rambler.ru,Доставка
Сергей,realtura@hotmail.com,Поддержка
Кирилл,kkirrill@mail.ru,Бухгалтерия
Вячеслав,lolimpo@gmail.com,Уборка
Мухаммад,realtura@hotmail.com,Поддержка
Никита,kkirrill@mail.ru,Поддержка
Максим,kkirrill@mail.ru,Разработка
Максим,kkirrill@mail.ru,Разработка
Алексей,soul-catcher@yandex.ru,Дебаггинг
Никита,snoweee322@rambler.ru,Дебаггинг
Сергей,gbggtw@mail.com,Уборка
Александр,realtura@hotmail.com,Уборка
Александр,soul-catcher@yandex.ru,Уборка
Алексей,gbggtw@mail.com,Доставка
Дмитрий,soul-catcher@yandex.ru,Доставка
Алексей,soul-catcher@yandex.ru,Доставка
Евкакий,realtura@hotmail.com,Поддержка
Евкакий,eios@sibsutis.ru,Разработка
Максим,eios@sibsutis.ru,Дебаггинг
Сергей,realtura@hotmail.com,Доставка
Сергей,gbggtw@mail.com,Менеджмент
Евкакий,izeytee@yahoo.com,Менеджмент
Алексей,soul-catcher@yandex.ru,Разработка
Алексей,lolimpo@gmail.com,Поддержка
Алексей,realtura@hotmail.com,Поддержка
Кирилл,izeytee@yahoo.com,Разработка
Максим,gbggtw@mail.com,Бухгалтерия
Мухаммад,realtura@hotmail.com,Бухгалтерия
Виктор,izeytee@yahoo.com,Уборка
Артур,izeytee@yahoo.com,Уборка
Мухаммад,gbggtw@mail.com,Доставка
Мухаммад,soul-catcher@yandex.ru,Дебаггинг
Никита,eios@sibsutis.ru,Дебаггинг
Алексей,snoweee322@rambler.ru,Разработка
Кирилл,izeytee@yahoo.com,Уборка
Максим,snoweee322@rambler.ru,Разработка
Мухаммад,lolimpo@gmail.com,Уборка
Евкакий,lolimpo@gmail.com,Дебаггинг
Евкакий,eios@sibsutis.ru,Дебаггинг
Артур,soul-catcher@yandex.ru,Поддержка
Никита,snoweee322@rambler.ru,Дебаггинг
Алексей,eios@sibsutis.ru,Разработка
Вячеслав,kkirrill@mail.ru,Разработка
Вячеслав,kkirrill@mail.ru,Бухгалтерия
Александр,snoweee322@rambler.ru,Бухгалтерия
Алексей,gbggtw@mail.com,Доставка
Артур,soul-catcher@yandex.ru,Поддержка
Виктор,soul-catcher@yandex.ru,Дебаггинг
Алексей,izeytee@yahoo.com,Уборка
Виктор,izeytee@yahoo.com,Доставка
Евкакий,lolimpo@gmail.com,Менеджмент
Никита,gbggtw@mail.com,Уборка
Александр,kkirrill@mail.ru,Менеджмент
Артур,gbggtw@mail.com,Дебаггинг
Мухаммад,lolimpo@gmail.com,Дебаггинг
Мухаммад,realtura@hotmail.com,Доставка
Алексей,kkirrill@mail.ru,Бухгалтерия
Сергей,izeytee@yahoo.com,Поддержка
Евкакий,izeytee@yahoo.com,Уборка
Дмитрий,realtura@hotmail.com,Дебаггинг
Кирилл,kkirrill@mail.ru,Дебаггинг
Евкакий,eios@sibsutis.ru,Поддержка
Леонид,soul-catcher@yandex.ru,Бухгалтерия
Виктор,gbggtw@mail.com,Поддержка
Виктор,snoweee322@rambler.ru,Доставка
Александр,eios@sibsutis.ru,Уборка
Виктор,kkirrill@mail.ru,Разработка
Кирилл,realtura@hotmail.com,Поддержка
Леонид,soul-catcher@yandex.ru,Поддержка
Леонид,kkirrill@mail.ru,Дебаггинг
Виктор,izeytee@yahoo.com,Доставка
Леонид,realtura@hotmail.com,Доставка
Виктор,eios@sibsutis.ru,Менеджмент
Мухаммад,lolimpo@gmail.com,Доставка
Дмитрий,soul-catcher@yandex.ru,Поддержка
Леонид,soul-catcher@yandex.ru,Уборка
Виктор,kkirrill@mail.ru,Дебаггинг
Мухаммад,lolimpo@gmail.com,Доставка
Мухаммад,kkirrill@mail.ru,Бухгалтерия
Никита,kkirrill@mail.ru,Уборка
Виктор,lolimpo@gmail.com,Менеджмент
Дмитрий,snoweee322@rambler.ru,Разработка
Артур,eios@sibsutis.ru,Доставка
Александр,realtura@hotmail.com,Разработка
Кирилл,lolimpo@gmail.com,Разработка
Виктор,eios@sibsutis.ru,Разработка
Никита,lolimpo@gmail.com,Менеджмент
Евкакий,realtura@hotmail.com,Доставка
Виктор,gbggtw@mail.com,Разработка
Леонид,gbggtw@mail.com,Доставка
Артур,izeytee@yahoo.com,Разработка
Александр,soul-catcher@yandex.ru,Доставка
Алексей,gbggtw@mail.com,Разработка
Вячеслав,lolimpo@gmail.com,Дебаггинг
Александр,kkirrill@mail.ru,Уборка
Сергей,soul-catcher@yandex.ru,Разработка
Мухаммад,realtura@hotmail.com,Поддержка
Леонид,lolimpo@gmail.com,Поддержка
Кирилл,snoweee322@rambler.ru,Разработка
Максим,eios@sibsutis.ru,Уборка
Мухаммад,kkirrill@mail.ru,Уборка
Никита,soul-catcher@yandex.ru,Поддержка
Никита,kkirrill@mail.ru,Бухгалтерия
Максим,lolimpo@gmail.com,Разработка
Александр,eios@sibsutis.ru,Поддержка
Артур,lolimpo@gmail.com,Поддержка
Вячеслав,eios@sibsutis.ru,Бухгалтерия
Александр,kkirrill@mail.ru,Доставка
Виктор,snoweee322@rambler.ru,Дебаггинг
Сергей,eios@sibsutis.ru,Разработка
Леонид,eios@sibsutis.ru,Доставка
Кирилл,gbggtw@mail.com,Бухгалтерия
Вячеслав,kkirrill@mail.ru,Менеджмент
Александр,eios@sibsutis.ru,Менеджмент
Евкакий,lolimpo@gmail.com,Бухгалтерия
Виктор,gbggtw@mail.com,Доставка
Евкакий,lolimpo@gmail.com,Уборка
Мухаммад,gbggtw@mail.com,Разработка
Сергей,gbggtw@mail.com,Дебаггинг
Евкакий,eios@sibsutis.ru,Дебаггинг
Кирилл,izeytee@yahoo.com,Поддержка
Максим,eios@sibsutis.ru,Менеджмент
Алексей,lolimpo@gmail.com,Поддержка
Евкакий,kkirrill@mail.ru,Дебаггинг
Виктор,eios@sibsutis.ru,Поддержка
Леонид,izeytee@yahoo.com,Дебаггинг
Максим,lolimpo@gmail.com,Менеджмент
Дмитрий,eios@sibsutis.ru,Поддержка
Алексей,kkirrill@mail.ru,Менеджмент
Мухаммад,snoweee322@rambler.ru,Разработка
Евкакий,snoweee322@rambler.ru,Дебаггинг
Александр,realtura@hotmail.com,Разработка
Вячеслав,izeytee@yahoo.com,Дебаггинг
Мухаммад,lolimpo@gmail.com,Дебаггинг
Виктор,eios@sibsutis.ru,Бухгалтерия
Александр,kkirrill@mail.ru,Менеджмент
Дмитрий,snoweee322@rambler.ru,Бухгалтерия
Александр,eios@sibsutis.ru,Доставка
Максим,realtura@hotmail.com,Поддержка
Дмитрий,eios@sibsutis.ru,Поддержка
Евкакий,snoweee322@rambler.ru,Дебаггинг
Сергей,kkirrill@mail.ru,Дебаггинг
Александр,eios@sibsutis.ru,Уборка
Вячеслав,eios@sibsutis.ru,Дебаггинг
Сергей,kkirrill@mail.ru,Бухгалтерия
Виктор,lolimpo@gmail.com,Уборка
Сергей,kkirrill@mail.ru,Бухгалтерия
Виктор,kkirrill@mail.ru,Поддержка
Артур,kkirrill@mail.ru,Поддержка
Леонид,gbggtw@mail.com,Менеджмент
Сергей,kkirrill@mail.ru,Доставка
Мухаммад,izeytee@yahoo.com,Поддержка
Сергей,izeytee@yahoo.com,Уборка
Максим,soul-catcher@yandex.ru,Уборка
Алексей,realtura@hotmail.com,Доставка
Вячеслав,eios@sibsutis.ru,Бухгалтерия
Алексей,kkirrill@mail.ru,Уборка
Алексей,snoweee322@rambler.ru,Дебаггинг
Леонид,eios@sibsutis.ru,Дебаггинг
Максим,realtura@hotmail.com,Менеджмент
Сергей,izeytee@yahoo.com,Поддержка
Евкакий,realtura@hotmail.com,Менеджмент
Артур,gbggtw@mail.com,Доставка
Кирилл,lolimpo@gmail.com,Доставка
Артур,soul-catcher@yandex.ru,Разработка
Алексей,soul-catcher@yandex.ru,Разработка
Вячеслав,soul-catcher@yandex.ru,Дебаггинг
Александр,lolimpo@gmail.com,Поддержка
Алексей,snoweee322@rambler.ru,Бухгалтерия
Вячеслав,snoweee322@rambler.ru,Разработка
Никита,eios@sibsutis.ru,Уборка
Никита,kkirrill@mail.ru,Менеджмент
Виктор,eios@sibsutis.ru,Менеджмент
Александр,snoweee322@rambler.ru,Дебаггинг
Мухаммад,lolimpo@gmail.com,Уборка
Кирилл,kkirrill@mail.ru,Поддержка
Алексей,lolimpo@gmail.com,Дебаггинг
Мухаммад,snoweee322@rambler.ru,Бухгалтерия
Мухаммад,eios@sibsutis.ru,Доставка
Артур,kkirrill@mail.ru,Поддержка
Вячеслав,realtura@hotmail.com,Бухгалтерия
Дмитрий,eios@sibsutis.ru,Поддержка
Александр,kkirrill@mail.ru,Поддержка
Артур,realtura@hotmail.com,Дебаггинг
Никита,gbggtw@mail.com,Дебаггинг
Мухаммад,kkirrill@mail.ru,Доставка
Леонид,eios@sibsutis.ru,Менеджмент
Алексей,kkirrill@mail.ru,Разработка
Артур,lolimpo@gmail.com,Уборка
Евкакий,eios@sibsutis.ru,Поддержка
Евкакий,izeytee@yahoo.com,Уборка
Кирилл,soul-catcher@yandex.ru,Доставка
Максим,lolimpo@gmail.com,Разработка
Александр,snoweee322@rambler.ru,Бухгалтерия
Максим,realtura@hotmail.com,Дебаггинг
Евкакий,izeytee@yahoo.com,Разработка
Леонид,kkirrill@mail.ru,Доставка
Никита,lolimpo@gmail.com,Доставка
Леонид,eios@sibsutis.ru,Поддержка
Кирилл,gbggtw@mail.com,Менеджмент
Максим,soul-catcher@yandex.ru,Разработка
Александр,gbggtw@mail.com,Поддержка
Никита,realtura@hotmail.com,Поддержка
Леонид,soul-catcher@yandex.ru,Менеджмент
Мухаммад,izeytee@yahoo.com,Бухгалтерия
Сергей,soul-catcher@yandex.ru,Уборка
Сергей,izeytee@yahoo.com,Уборка
Вячеслав,realtura@hotmail.com,Бухгалтерия
Мухаммад,snoweee322@rambler.ru,Уборка
Виктор,realtura@hotmail.com,Бухгалтерия
Кирилл,kkirrill@mail.ru,Менеджмент
Евкакий,kkirrill@mail.ru,Бухгалтерия
Мухаммад,snoweee322@rambler.ru,Разработка
Сергей,soul-catcher@yandex.ru,Менеджмент
Александр,kkirrill@mail.ru,Менеджмент
Вячеслав,snoweee322@rambler.ru,Уборка
Дмитрий,lolimpo@gmail.com,Менеджмент
Мухаммад,kkirrill@mail.ru,Доставка
Алексей,realtura@hotmail.com,Менеджмент
Кирилл,kkirrill@mail.ru,Бухгалтерия
Вячеслав,snoweee322@rambler.ru,Разработка
Алексей,gbggtw@mail.com,Разработка
Мухаммад,izeytee@yahoo.com,Менеджмент
Леонид,lolimpo@gmail.com,Поддержка
Максим,lolimpo@gmail.com,Разработка
Алексей,gbggtw@mail.com,Бухгалтерия
Дмитрий,realtura@hotmail.com,Поддержка
Артур,snoweee322@rambler.ru,Доставка
Александр,eios@sibsutis.ru,Разработка
Алексей,soul-catcher@yandex.ru,Менеджмент
Вячеслав,kkirrill@mail.ru,Уборка
Максим,snoweee322@rambler.ru,Менеджмент
Вячеслав,kkirrill@mail.ru,Дебаггинг
Дмитрий,kkirrill@mail.ru,Доставка
Мухаммад,soul-catcher@yandex.ru,Менеджмент
Алексей,soul-catcher@yandex.ru,Разработка
Евкакий,soul-catcher@yandex.ru,Разработка
Алексей,snoweee322@rambler.ru,Доставка
Сергей,soul-catcher@yandex.ru,Доставка
Александр,snoweee322@rambler.ru,Уборка
Кирилл,lolimpo@gmail.com,Разработка
Вячеслав,soul-catcher@yandex.ru,Бухгалтерия
Максим,izeytee@yahoo.com,Менеджмент
Максим,gbggtw@mail.com,Бухгалтерия
Максим,gbggtw@mail.com,Менеджмент
Александр,izeytee@yahoo.com,Бухгалтерия
Кирилл,lolimpo@gmail.com,Бухгалтерия
Евкакий,lolimpo@gmail.com,Разработка
Сергей,kkirrill@mail.ru,Уборка
Виктор,realtura@hotmail.com,Менеджмент
Артур,lolimpo@gmail.com,Доставка
Максим,realtura@hotmail.com,Доставка
Алексей,soul-catcher@yandex.ru,Поддержка
Виктор,snoweee322@rambler.ru,Разработка
Леонид,snoweee322@rambler.ru,Бухгалтерия
Мухаммад,kkirrill@mail.ru,Доставка
Мухаммад,gbggtw@mail.com,Уборка
Артур,kkirrill@mail.ru,Поддержка
Александр,lolimpo@gmail.com,Дебаггинг
Вячеслав,soul-catcher@yandex.ru,Поддержка
Алексей,snoweee322@rambler.ru,Дебаггинг
Дмитрий,snoweee322@rambler.ru,Уборка
Артур,izeytee@yahoo.com,Разработка
Дмитрий,gbggtw@mail.com,Уборка
Алексей,kkirrill@mail.ru,Дебаггинг
Александр,realtura@hotmail.com,Доставка
Евкакий,snoweee322@rambler.ru,Бухгалтерия
Вячеслав,gbggtw@mail.com,Доставка
Евкакий,kkirrill@mail.ru,Менеджмент
Евкакий,snoweee322@rambler.ru,Уборка
Алексей,izeytee@yahoo.com,Поддержка
Вячеслав,realtura@hotmail.com,Бухгалтерия
Евкакий,lolimpo@gmail.com,Дебаггинг
Леонид,eios@sibsutis.ru,Разработка
Сергей,eios@sibsutis.ru,Поддержка
Никита,gbggtw@mail.com,Поддержка
Дмитрий,eios@sibsutis.ru,Менеджмент
Алексей,gbggtw@mail.com,Уборка
Кирилл,lolimpo@gmail.com,Поддержка
Вячеслав,lolimpo@gmail.com,Поддержка
Дмитрий,soul-catcher@yandex.ru,Разработка
Евкакий,snoweee322@rambler.ru,Доставка
Евкакий,soul-catcher@yandex.ru,Поддержка
Артур,kkirrill@mail.ru,Доставка
Алексей,eios@sibsutis.ru,Разработка
Максим,snoweee322@rambler.ru,Бухгалтерия
Мухаммад,gbggtw@mail.com,Менеджмент
Мухаммад,lolimpo@gmail.com,Доставка
Виктор,realtura@hotmail.com,Поддержка
Максим,lolimpo@gmail.com,Уборка
Кирилл,kkirrill@mail.ru,Поддержка
Артур,soul-catcher@yandex.ru,Бухгалтерия
Вячеслав,realtura@hotmail.com,Поддержка
Никита,snoweee322@rambler.ru,Разработка
Леонид,snoweee322@rambler.ru,Поддержка
Максим,izeytee@yahoo.com,Поддержка
Никита,gbggtw@mail.com,Менеджмент
Леонид,kkirrill@mail.ru,Поддержка
Вячеслав,soul-catcher@yandex.ru,Разработка
Вячеслав,eios@sibsutis.ru,Разработка
Дмитрий,realtura@hotmail.com,Доставка
Мухаммад,snoweee322@rambler.ru,Доставка
Дмитрий,snoweee322@rambler.ru,Бухгалтерия
Леонид,izeytee@yahoo.com,Разработка
Мухаммад,eios@sibsutis.ru,Разработка
Дмитрий,snoweee322@rambler.ru,Поддержка
Евкакий,gbggtw@mail.com,Разработка
Максим,gbggtw@mail.com,Поддержка
Евкакий,eios@sibsutis.ru,Менеджмент
Вячеслав,izeytee@yahoo.com,Разработка
Евкакий,kkirrill@mail.ru,Разработка
Дмитрий,realtura@hotmail.com,Поддержка
Вячеслав,gbggtw@mail.com,Дебаггинг
Сергей,snoweee322@rambler.ru,Уборка
Кирилл,soul-catcher@yandex.ru,Поддержка
Сергей,izeytee@yahoo.com,Доставка
Сергей,kkirrill@mail.ru,Дебаггинг
Кирилл,gbggtw@mail.com,Разработка
Леонид,realtura@hotmail.com,Менеджмент
Александр,eios@sibsutis.ru,Уборка
Кирилл,realtura@hotmail.com,Бухгалтерия
Леонид,gbggtw@mail.com,Менеджмент
Сергей,gbggtw@mail.com,Доставка
Александр,kkirrill@mail.ru,Уборка
Виктор,realtura@hotmail.com,Уборка
Мухаммад,gbggtw@mail.com,Поддержка
Алексей,lolimpo@gmail.com,Дебаггинг
Виктор,lolimpo@gmail.com,Бухгалтерия
Евкакий,kkirrill@mail.ru,Разработка
Алексей,izeytee@yahoo.com,Дебаггинг
Артур,lolimpo@gmail.com,Бухгалтерия
Кирилл,realtura@hotmail.com,Разработка
Виктор,gbggtw@mail.com,Менеджмент
Никита,izeytee@yahoo.com,Бухгалтерия
Леонид,gbggtw@mail.com,Уборка
Дмитрий,snoweee322@rambler.ru,Дебаггинг
Никита,realtura@hotmail.com,Доставка
Евкакий,lolimpo@gmail.com,Разработка
Вячеслав,lolimpo@gmail.com,Уборка
Никита,realtura@hotmail.com,Доставка
Никита,snoweee322@rambler.ru,Разработка
Виктор,eios@sibsutis.ru,Доставка
Никита,lolimpo@gmail.com,Дебаггинг
Сергей,kkirrill@mail.ru,Бухгалтерия
Никита,soul-catcher@yandex.ru,Менеджмент
Александр,kkirrill@mail.ru,Разработка
Виктор,soul-catcher@yandex.ru,Дебаггинг
Евкакий,realtura@hotmail.com,Поддержка
Никита,izeytee@yahoo.com,Разработка
Кирилл,eios@sibsutis.ru,Бухгалтерия
Сергей,lolimpo@gmail.com,Разработка
Сергей,realtura@hotmail.com,Бухгалтерия
Евкакий,gbggtw@mail.com,Поддержка
Кирилл,izeytee@yahoo.com,Дебаггинг
Сергей,lolimpo@gmail.com,Доставка
Евкакий,soul-catcher@yandex.ru,Поддержка
Максим,soul-catcher@yandex.ru,Уборка
Вячеслав,soul-catcher@yandex.ru,Доставка
Никита,kkirrill@mail.ru,Дебаггинг
Мухаммад,soul-catcher@yandex.ru,Менеджмент
Вячеслав,snoweee322@rambler.ru,Разработка
Мухаммад,soul-catcher@yandex.ru,Разработка
Евкакий,lolimpo@gmail.com,Поддержка
Дмитрий,gbggtw@mail.com,Доставка
Мухаммад,realtura@hotmail.com,Поддержка
Алексей,gbggtw@mail.com,Дебаггинг
Кирилл,snoweee322@rambler.ru,Бухгалтерия
Максим,gbggtw@mail.com,Доставка
Алексей,izeytee@yahoo.com,Доставка
Сергей,izeytee@yahoo.com,Менеджмент
Кирилл,soul-catcher@yandex.ru,Дебаггинг
Артур,eios@sibsutis.ru,Доставка
Максим,soul-catcher@yandex.ru,Дебаггинг
Евкакий,snoweee322@rambler.ru,Доставка
Виктор,lolimpo@gmail.com,Разработка
Максим,izeytee@yahoo.com,Дебаггинг
Никита,realtura@hotmail.com,Разработка
Александр,gbggtw@mail.com,Менеджмент
Алексей,gbggtw@mail.com,Поддержка
Никита,lolimpo@gmail.com,Разработка
Алексей,lolimpo@gmail.com,Дебаггинг
Никита,izeytee@yahoo.com,Менеджмент
Александр,lolimpo@gmail.com,Бухгалтерия
Алексей,izeytee@yahoo.com,Дебаггинг
Мухаммад,lolimpo@gmail.com,Доставка
Виктор,soul-catcher@yandex.ru,Разработка
Никита,gbggtw@mail.com,Бухгалтерия
Виктор,gbggtw@mail.com,Бухгалтерия
Мухаммад,soul-catcher@yandex.ru,Дебаггинг
Максим,gbggtw@mail.com,Уборка
Мухаммад,snoweee322@rambler.ru,Уборка
Максим,izeytee@yahoo.com,Разработка
Артур,snoweee322@rambler.ru,Поддержка
Сергей,soul-catcher@yandex.ru,Менеджмент
Александр,izeytee@yahoo.com,Менеджмент
Дмитрий,lolimpo@gmail.com,Доставка
Леонид,soul-catcher@yandex.ru,Дебаггинг
Вячеслав,realtura@hotmail.com,Доставка
Виктор,snoweee322@rambler.ru,Уборка
Сергей,izeytee@yahoo.com,Доставка
Сергей,soul-catcher@yandex.ru,Менеджмент
Дмитрий,eios@sibsutis.ru,Бухгалтерия
Артур,soul-catcher@yandex.ru,Разработка
Евкакий,lolimpo@gmail.com,Разработка
Виктор,kkirrill@mail.ru,Менеджмент
Виктор,gbggtw@mail.com,Поддержка
Вячеслав,soul-catcher@yandex.ru,Менеджмент
Евкакий,lolimpo@gmail.com,Бухгалтерия
Алексей,eios@sibsutis.ru,Бухгалтерия
Александр,izeytee@yahoo.com,Разработка
Виктор,snoweee322@rambler.ru,Менеджмент
Виктор,soul-catcher@yandex.ru,Менеджмент
Леонид,soul-catcher@yandex.ru,Доставка
Максим,eios@sibsutis.ru,Менеджмент
Артур,realtura@hotmail.com,Бухгалтерия
Леонид,gbggtw@mail.com,Доставка
Никита,izeytee@yahoo.com,Разработка
Виктор,lolimpo@gmail.com,Дебаггинг
Артур,eios@sibsutis.ru,Поддержка
Вячеслав,snoweee322@rambler.ru,Дебаггинг
Леонид,soul-catcher@yandex.ru,Дебаггинг
Вячеслав,kkirrill@mail.ru,Бухгалтерия
Александр,lolimpo@gmail.com,Поддержка
Дмитрий,realtura@hotmail.com,Разработка
Леонид,realtura@hotmail.com,Поддержка
Леонид,snoweee322@rambler.ru,Дебаггинг
Максим,lolimpo@gmail.com,Дебаггинг
Мухаммад,soul-catcher@yandex.ru,Разработка
Никита,izeytee@yahoo.com,Доставка
Артур,lolimpo@gmail.com,Уборка
Александр,snoweee322@rambler.ru,Менеджмент
Вячеслав,kkirrill@mail.ru,Разработка
Александр,gbggtw@mail.com,Доставка
Вячеслав,gbggtw@mail.com,Доставка
Алексей,kkirrill@mail.ru,Доставка
Леонид,eios@sibsutis.ru,Дебаггинг
Сергей,snoweee322@rambler.ru,Уборка
Евкакий,gbggtw@mail.com,Бухгалтерия
Вячеслав,snoweee322@rambler.ru,Поддержка
Алексей,snoweee322@rambler.ru,Уборка
Вячеслав,soul-catcher@yandex.ru,Дебаггинг
Алексей,kkirrill@mail.ru,Разработка
Евкакий,soul-catcher@yandex.ru,Бухгалтерия
Алексей,gbggtw@mail.com,Поддержка
Мухаммад,realtura@hotmail.com,Уборка
Кирилл,kkirrill@mail.ru,Поддержка
Максим,lolimpo@gmail.com,Разработка
Максим,realtura@hotmail.com,Менеджмент
Сергей,kkirrill@mail.ru,Бухгалтерия
Александр,snoweee322@rambler.ru,Менеджмент
Александр,snoweee322@rambler.ru,Менеджмент
Дмитрий,gbggtw@mail.com,Дебаггинг
Виктор,snoweee322@rambler.ru,Уборка
