Name,Email,Level
Дмитрий,realtura@hotmail.com,Средний-менеджер
Мухаммад,eios@sibsutis.ru,Стажер
Леонид,gbggtw@mail.com,Средний-менеджер
Артур,eios@sibsutis.ru,Стажер
Вячеслав,gbggtw@mail.com,Старший-менеджер
Дмитрий,izeytee@yahoo.com,Младший-менеджер
Алексей,eios@sibsutis.ru,Средний-менеджер
Кирилл,izeytee@yahoo.com,Средний-менеджер
Виктор,kkirrill@mail.ru,Средний-менеджер
Кирилл,kkirrill@mail.ru,Секретарь
Вячеслав,eios@sibsutis.ru,Младший-менеджер
Максим,izeytee@yahoo.com,Секретарь
Никита,izeytee@yahoo.com,Секретарь
Кирилл,realtura@hotmail.com,Средний-менеджер
Сергей,gbggtw@mail.com,Стажер
Кирилл,realtura@hotmail.com,Секретарь
Сергей,lolimpo@gmail.com,Стажер
Кирилл,lolimpo@gmail.com,Старший-менеджер
Виктор,lolimpo@gmail.com,Средний-менеджер
Евкакий,izeytee@yahoo.com,Средний-менеджер
Виктор,izeytee@yahoo.com,Стажер
Вячеслав,kkirrill@mail.ru,Младший-менеджер
Максим,lolimpo@gmail.com,Средний-менеджер
Вячеслав,gbggtw@mail.com,Секретарь
Евкакий,kkirrill@mail.ru,Младший-менеджер
Мухаммад,izeytee@yahoo.com,Средний-менеджер
Никита,realtura@hotmail.com,Младший-менеджер
Максим,izeytee@yahoo.com,Секретарь
Алексей,izeytee@yahoo.com,Стажер
Алексей,izeytee@yahoo.com,Секретарь
Кирилл,snoweee322@rambler.ru,Стажер
Леонид,lolimpo@gmail.com,Младший-менеджер
Мухаммад,lolimpo@gmail.com,Старший-менеджер
Александр,snoweee322@rambler.ru,Средний-менеджер
Кирилл,eios@sibsutis.ru,Старший-менеджер
Мухаммад,lolimpo@gmail.com,Младший-менеджер
Дмитрий,izeytee@yahoo.com,Младший-менеджер
Леонид,izeytee@yahoo.com,Секретарь
Алексей,izeytee@yahoo.com,Старший-менеджер
Алексей,lolimpo@gmail.com,Секретарь
Александр,izeytee@yahoo.com,Старший-менеджер
Максим,lolimpo@gmail.com,Младший-менеджер
Александр,lolimpo@gmail.com,Средний-менеджер
Кирилл,gbggtw@mail.com,Стажер
Артур,izeytee@yahoo.com,Старший-менеджер
Максим,realtura@hotmail.com,Стажер
Виктор,eios@sibsutis.ru,Старший-менеджер
Сергей,izeytee@yahoo.com,Средний-менеджер
Мухаммад,realtura@hotmail.com,Старший-менеджер
Алексей,soul-catcher@yandex.ru,Стажер
Александр,lolimpo@gmail.com,Младший-менеджер
Кирилл,lolimpo@gmail.com,Старший-менеджер
Виктор,gbggtw@mail.com,Средний-менеджер
Кирилл,realtura@hotmail.com,Средний-менеджер
Вячеслав,soul-catcher@yandex.ru,Секретарь
Александр,lolimpo@gmail.com,Секретарь
Александр,gbggtw@mail.com,Средний-менеджер
Артур,lolimpo@gmail.com,Средний-менеджер
Леонид,izeytee@yahoo.com,Младший-менеджер
Дмитрий,kkirrill@mail.ru,Младший-менеджер
Леонид,eios@sibsutis.ru,Младший-менеджер
Мухаммад,eios@sibsutis.ru,Старший-менеджер
Алексей,gbggtw@mail.com,Средний-менеджер
Леонид,realtura@hotmail.com,Секретарь
Мухаммад,snoweee322@rambler.ru,Средний-менеджер
Максим,eios@sibsutis.ru,Секретарь
Виктор,lolimpo@gmail.com,Старший-менеджер
Дмитрий,kkirrill@mail.ru,Старший-менеджер
Никита,gbggtw@mail.com,Средний-менеджер
Артур,soul-catcher@yandex.ru,Средний-менеджер
Максим,gbggtw@mail.com,Секретарь
Леонид,realtura@hotmail.com,Младший-менеджер
Максим,izeytee@yahoo.com,Средний-менеджер
Кирилл,snoweee322@rambler.ru,Секретарь
Никита,eios@sibsutis.ru,Младший-менеджер
Максим,eios@sibsutis.ru,Стажер
Евкакий,eios@sibsutis.ru,Старший-менеджер
Вячеслав,lolimpo@gmail.com,Старший-менеджер
Виктор,kkirrill@mail.ru,Старший-менеджер
Алексей,realtura@hotmail.com,Средний-менеджер
Максим,gbggtw@mail.com,Младший-менеджер
Вячеслав,snoweee322@rambler.ru,Младший-менеджер
Максим,kkirrill@mail.ru,Стажер
Кирилл,soul-catcher@yandex.ru,Стажер
Александр,snoweee322@rambler.ru,Младший-менеджер
Вячеслав,lolimpo@gmail.com,Средний-менеджер
Виктор,lolimpo@gmail.com,Средний-менеджер
Никита,eios@sibsutis.ru,Секретарь
Никита,gbggtw@mail.com,Стажер
Алексей,realtura@hotmail.com,Младший-менеджер
Алексей,kkirrill@mail.ru,Младший-менеджер
Дмитрий,snoweee322@rambler.ru,Средний-менеджер
Артур,snoweee322@rambler.ru,Стажер
Артур,izeytee@yahoo.com,Стажер
Кирилл,realtura@hotmail.com,Средний-менеджер
Леонид,realtura@hotmail.com,Секретарь
Максим,gbggtw@mail.com,Средний-менеджер
Леонид,snoweee322@rambler.ru,Средний-менеджер
Виктор,realtura@hotmail.com,Старший-менеджер
Сергей,soul-catcher@yandex.ru,Младший-менеджер
Евкакий,izeytee@yahoo.com,Средний-менеджер
Евкакий,snoweee322@rambler.ru,Старший-менеджер
Артур,realtura@hotmail.com,Младший-менеджер
Евкакий,lolimpo@gmail.com,Стажер
Мухаммад,snoweee322@rambler.ru,Секретарь
Кирилл,realtura@hotmail.com,Стажер
Мухаммад,snoweee322@rambler.ru,Секретарь
Леонид,soul-catcher@yandex.ru,Старший-менеджер
Евкакий,snoweee322@rambler.ru,Старший-менеджер
Мухаммад,kkirrill@mail.ru,Младший-менеджер
Алексей,realtura@hotmail.com,Младший-менеджер
Виктор,lolimpo@gmail.com,Средний-менеджер
Леонид,eios@sibsutis.ru,Младший-менеджер
Сергей,soul-catcher@yandex.ru,Секретарь
Александр,soul-catcher@yandex.ru,Средний-менеджер
Александр,snoweee322@rambler.ru,Средний-менеджер
Максим,lolimpo@gmail.com,Старший-менеджер
Виктор,izeytee@yahoo.com,Старший-менеджер
Виктор,izeytee@yahoo.com,Младший-менеджер
Кирилл,gbggtw@mail.com,Стажер
Мухаммад,soul-catcher@yandex.ru,Старший-менеджер
Виктор,gbggtw@mail.com,Старший-менеджер
Кирилл,izeytee@yahoo.com,Секретарь
Виктор,snoweee322@rambler.ru,Секретарь
Виктор,lolimpo@gmail.com,Стажер
Артур,eios@sibsutis.ru,Секретарь
Мухаммад,realtura@hotmail.com,Средний-менеджер
Леонид,lolimpo@gmail.com,Стажер
Артур,lolimpo@gmail.com,Старший-менеджер
Артур,snoweee322@rambler.ru,Секретарь
Леонид,snoweee322@rambler.ru,Старший-менеджер
Александр,kkirrill@mail.ru,Младший-менеджер
Виктор,kkirrill@mail.ru,Средний-менеджер
Артур,izeytee@yahoo.com,Стажер
Мухаммад,kkirrill@mail.ru,Секретарь
Максим,lolimpo@gmail.com,Старший-менеджер
Евкакий,lolimpo@gmail.com,Секретарь
Кирилл,realtura@hotmail.com,Старший-менеджер
Дмитрий,realtura@hotmail.com,Секретарь
Мухаммад,eios@sibsutis.ru,Секретарь
Никита,izeytee@yahoo.com,Младший-менеджер
Мухаммад,gbggtw@mail.com,Младший-менеджер
Артур,kkirrill@mail.ru,Стажер
Александр,snoweee322@rambler.ru,Средний-менеджер
Никита,realtura@hotmail.com,Младший-менеджер
Алексей,gbggtw@mail.com,Стажер
Кирилл,snoweee322@rambler.ru,Младший-менеджер
Виктор,lolimpo@gmail.com,Стажер
Кирилл,realtura@hotmail.com,Старший-менеджер
Вячеслав,gbggtw@mail.com,Младший-менеджер
Максим,realtura@hotmail.com,Средний-менеджер
Мухаммад,kkirrill@mail.ru,Младший-менеджер
Александр,izeytee@yahoo.com,Секретарь
Артур,izeytee@yahoo.com,Старший-менеджер
Александр,kkirrill@mail.ru,Старший-менеджер
Кирилл,lolimpo@gmail.com,Средний-менеджер
Александр,snoweee322@rambler.ru,Секретарь
Виктор,kkirrill@mail.ru,Старший-менеджер
Кирилл,izeytee@yahoo.com,Стажер
Алексей,lolimpo@gmail.com,Секретарь
Дмитрий,realtura@hotmail.com,Стажер
Кирилл,soul-catcher@yandex.ru,Стажер
Александр,lolimpo@gmail.com,Младший-менеджер
Леонид,gbggtw@mail.com,Секретарь
Александр,soul-catcher@yandex.ru,Старший-менеджер
Евкакий,eios@sibsutis.ru,Младший-менеджер
Мухаммад,snoweee322@rambler.ru,Стажер
Евкакий,kkirrill@mail.ru,Стажер
Мухаммад,realtura@hotmail.com,Секретарь
Артур,realtura@hotmail.com,Средний-менеджер
Кирилл,realtura@hotmail.com,Младший-менеджер
Евкакий,snoweee322@rambler.ru,Стажер
Сергей,gbggtw@mail.com,Младший-менеджер
Вячеслав,gbggtw@mail.com,Средний-менеджер
Дмитрий,soul-catcher@yandex.ru,Старший-менеджер
Мухаммад,eios@sibsutis.ru,Старший-менеджер
Сергей,realtura@hotmail.com,Средний-менеджер
Дмитрий,gbggtw@mail.com,Стажер
Алексей,kkirrill@mail.ru,Старший-менеджер
Мухаммад,soul-catcher@yandex.ru,Младший-менеджер
Евкакий,realtura@hotmail.com,Секретарь
Виктор,lolimpo@gmail.com,Старший-менеджер
Александр,eios@sibsutis.ru,Младший-менеджер
Вячеслав,kkirrill@mail.ru,Стажер
Дмитрий,lolimpo@gmail.com,Стажер
Вячеслав,realtura@hotmail.com,Секретарь
Артур,lolimpo@gmail.com,Стажер
Александр,kkirrill@mail.ru,Секретарь
Максим,realtura@hotmail.com,Младший-менеджер
Артур,izeytee@yahoo.com,Средний-менеджер
Сергей,soul-catcher@yandex.ru,Средний-менеджер
Дмитрий,snoweee322@rambler.ru,Секретарь
Мухаммад,eios@sibsutis.ru,Стажер
Артур,izeytee@yahoo.com,Средний-менеджер
Леонид,izeytee@yahoo.com,Секретарь
Никита,izeytee@yahoo.com,Младший-менеджер
Сергей,realtura@hotmail.com,Стажер
Артур,snoweee322@rambler.ru,Старший-менеджер
Никита,kkirrill@mail.ru,Младший-менеджер
Максим,gbggtw@mail.com,Старший-менеджер
Максим,izeytee@yahoo.com,Стажер
Сергей,kkirrill@mail.ru,Средний-менеджер
Евкакий,lolimpo@gmail.com,Старший-менеджер
Алексей,snoweee322@rambler.ru,Средний-менеджер
Вячеслав,snoweee322@rambler.ru,Секретарь
Евкакий,lolimpo@gmail.com,Средний-менеджер
Алексей,izeytee@yahoo.com,Старший-менеджер
Евкакий,lolimpo@gmail.com,Секретарь
Евкакий,eios@sibsutis.ru,Секретарь
Кирилл,soul-catcher@yandex.ru,Секретарь
Кирилл,lolimpo@gmail.com,Секретарь
Леонид,eios@sibsutis.ru,Секретарь
Артур,kkirrill@mail.ru,Младший-менеджер
Мухаммад,izeytee@yahoo.com,Секретарь
Виктор,soul-catcher@yandex.ru,Секретарь
Виктор,eios@sibsutis.ru,Стажер
Евкакий,soul-catcher@yandex.ru,Средний-менеджер
Вячеслав,eios@sibsutis.ru,Старший-менеджер
Артур,izeytee@yahoo.com,Младший-менеджер
Леонид,kkirrill@mail.ru,Стажер
Артур,kkirrill@mail.ru,Старший-менеджер
Дмитрий,soul-catcher@yandex.ru,Средний-менеджер
Максим,lolimpo@gmail.com,Средний-менеджер
Никита,lolimpo@gmail.com,Секретарь
Максим,gbggtw@mail.com,Секретарь
Александр,snoweee322@rambler.ru,Средний-менеджер
Леонид,soul-catcher@yandex.ru,Старший-менеджер
Мухаммад,realtura@hotmail.com,Стажер
Вячеслав,eios@sibsutis.ru,Секретарь
Евкакий,lolimpo@gmail.com,Младший-менеджер
Александр,soul-catcher@yandex.ru,Младший-менеджер
Дмитрий,izeytee@yahoo.com,Младший-менеджер
Дмитрий,soul-catcher@yandex.ru,Средний-менеджер
Дмитрий,lolimpo@gmail.com,Младший-менеджер
Сергей,kkirrill@mail.ru,Средний-менеджер
Сергей,gbggtw@mail.com,Старший-менеджер
Кирилл,realtura@hotmail.com,Средний-менеджер
Дмитрий,kkirrill@mail.ru,Младший-менеджер
Виктор,realtura@hotmail.com,Старший-менеджер
Никита,soul-catcher@yandex.ru,Старший-менеджер
Дмитрий,gbggtw@mail.com,Стажер
Никита,soul-catcher@yandex.ru,Младший-менеджер
Леонид,gbggtw@mail.com,Младший-менеджер
Евкакий,soul-catcher@yandex.ru,Младший-менеджер
Вячеслав,gbggtw@mail.com,Стажер
Леонид,eios@sibsutis.ru,Младший-менеджер
Алексей,snoweee322@rambler.ru,Стажер
Вячеслав,kkirrill@mail.ru,Средний-менеджер
Александр,kkirrill@mail.ru,Секретарь
Виктор,lolimpo@gmail.com,Средний-менеджер
Александр,soul-catcher@yandex.ru,Младший-менеджер
Артур,eios@sibsutis.ru,Секретарь
Леонид,lolimpo@gmail.com,Младший-менеджер
Мухаммад,lolimpo@gmail.com,Средний-менеджер
Дмитрий,realtura@hotmail.com,Секретарь
Дмитрий,kkirrill@mail.ru,Средний-менеджер
Вячеслав,soul-catcher@yandex.ru,Старший-менеджер
Леонид,eios@sibsutis.ru,Старший-менеджер
Александр,realtura@hotmail.com,Средний-менеджер
Алексей,eios@sibsutis.ru,Средний-менеджер
Леонид,gbggtw@mail.com,Старший-менеджер
Никита,realtura@hotmail.com,Младший-менеджер
Евкакий,lolimpo@gmail.com,Младший-менеджер
Кирилл,eios@sibsutis.ru,Младший-менеджер
Мухаммад,izeytee@yahoo.com,Стажер
Александр,soul-catcher@yandex.ru,Младший-менеджер
Вячеслав,lolimpo@gmail.com,Младший-менеджер
Мухаммад,lolimpo@gmail.com,Старший-менеджер
Максим,eios@sibsutis.ru,Секретарь
Вячеслав,soul-catcher@yandex.ru,Средний-менеджер
Никита,izeytee@yahoo.com,Стажер
Дмитрий,lolimpo@gmail.com,Средний-менеджер
Сергей,kkirrill@mail.ru,Старший-менеджер
Сергей,realtura@hotmail.com,Младший-менеджер
Никита,gbggtw@mail.com,Секретарь
Никита,izeytee@yahoo.com,Секретарь
Леонид,izeytee@yahoo.com,Старший-менеджер
Кирилл,soul-catcher@yandex.ru,Младший-менеджер
Сергей,realtura@hotmail.com,Стажер
Максим,realtura@hotmail.com,Стажер
Мухаммад,realtura@hotmail.com,Младший-менеджер
Леонид,gbggtw@mail.com,Старший-менеджер
Никита,snoweee322@rambler.ru,Младший-менеджер
Максим,kkirrill@mail.ru,Младший-менеджер
Артур,snoweee322@rambler.ru,Старший-менеджер
Алексей,kkirrill@mail.ru,Средний-менеджер
Дмитрий,soul-catcher@yandex.ru,Старший-менеджер
Мухаммад,eios@sibsutis.ru,Секретарь
Дмитрий,snoweee322@rambler.ru,Средний-менеджер
Никита,lolimpo@gmail.com,Средний-менеджер
Артур,soul-catcher@yandex.ru,Секретарь
Мухаммад,izeytee@yahoo.com,Стажер
Мухаммад,gbggtw@mail.com,Младший-менеджер
Кирилл,izeytee@yahoo.com,Младший-менеджер
Кирилл,soul-catcher@yandex.ru,Младший-менеджер
Виктор,gbggtw@mail.com,Стажер
Никита,lolimpo@gmail.com,Старший-менеджер
Вячеслав,realtura@hotmail.com,Младший-менеджер
Вячеслав,izeytee@yahoo.com,Средний-менеджер
Леонид,snoweee322@rambler.ru,Младший-менеджер
Дмитрий,eios@sibsutis.ru,Стажер
Артур,eios@sibsutis.ru,Секретарь
Евкакий,eios@sibsutis.ru,Секретарь
Мухаммад,soul-catcher@yandex.ru,Старший-менеджер
Алексей,lolimpo@gmail.com,Средний-менеджер
Кирилл,gbggtw@mail.com,Стажер
Никита,eios@sibsutis.ru,Средний-менеджер
Дмитрий,soul-catcher@yandex.ru,Стажер
Сергей,lolimpo@gmail.com,Секретарь
Кирилл,kkirrill@mail.ru,Старший-менеджер
Максим,lolimpo@gmail.com,Средний-менеджер
Кирилл,soul-catcher@yandex.ru,Средний-менеджер
Дмитрий,izeytee@yahoo.com,Стажер
Никита,eios@sibsutis.ru,Старший-менеджер
Евкакий,eios@sibsutis.ru,Старший-менеджер
Александр,soul-catcher@yandex.ru,Секретарь
Максим,realtura@hotmail.com,Средний-менеджер
Кирилл,eios@sibsutis.ru,Младший-менеджер
Максим,realtura@hotmail.com,Младший-менеджер
Дмитрий,soul-catcher@yandex.ru,Стажер
Максим,kkirrill@mail.ru,Секретарь
Александр,lolimpo@gmail.com,Старший-менеджер
Леонид,izeytee@yahoo.com,Старший-менеджер
Алексей,kkirrill@mail.ru,Средний-менеджер
Леонид,kkirrill@mail.ru,Стажер
Сергей,gbggtw@mail.com,Секретарь
Никита,soul-catcher@yandex.ru,Секретарь
Артур,realtura@hotmail.com,Стажер
Дмитрий,eios@sibsutis.ru,Старший-менеджер
Алексей,gbggtw@mail.com,Стажер
Виктор,realtura@hotmail.com,Средний-менеджер
Максим,lolimpo@gmail.com,Секретарь
Мухаммад,soul-catcher@yandex.ru,Старший-менеджер
Александр,snoweee322@rambler.ru,Стажер
Сергей,lolimpo@gmail.com,Младший-менеджер
Александр,lolimpo@gmail.com,Стажер
Сергей,izeytee@yahoo.com,Младший-менеджер
Мухаммад,eios@sibsutis.ru,Стажер
Виктор,eios@sibsutis.ru,Старший-менеджер
Дмитрий,snoweee322@rambler.ru,Младший-менеджер
Алексей,eios@sibsutis.ru,Средний-менеджер
Александр,lolimpo@gmail.com,Младший-менеджер
Виктор,realtura@hotmail.com,Старший-менеджер
Вячеслав,izeytee@yahoo.com,Стажер
Максим,snoweee322@rambler.ru,Средний-менеджер
Алексей,snoweee322@rambler.ru,Секретарь
Виктор,eios@sibsutis.ru,Стажер
Александр,eios@sibsutis.ru,Младший-менеджер
Сергей,gbggtw@mail.com,Средний-менеджер
Вячеслав,realtura@hotmail.com,Средний-менеджер
Кирилл,kkirrill@mail.ru,Старший-менеджер
Артур,realtura@hotmail.com,Стажер
Мухаммад,realtura@hotmail.com,Младший-менеджер
Александр,gbggtw@mail.com,Старший-менеджер
Вячеслав,soul-catcher@yandex.ru,Средний-менеджер
Алексей,eios@sibsutis.ru,Средний-менеджер
Сергей,izeytee@yahoo.com,Старший-менеджер
Артур,snoweee322@rambler.ru,Младший-менеджер
Евкакий,lolimpo@gmail.com,Стажер
Александр,izeytee@yahoo.com,Младший-менеджер
Кирилл,izeytee@yahoo.com,Секретарь
Алексей,snoweee322@rambler.ru,Секретарь
Евкакий,realtura@hotmail.com,Секретарь
Максим,realtura@hotmail.com,Младший-менеджер
Александр,gbggtw@mail.com,Средний-менеджер
Артур,realtura@hotmail.com,Секретарь
Сергей,kkirrill@mail.ru,Стажер
Алексей,izeytee@yahoo.com,Секретарь
Дмитрий,izeytee@yahoo.com,Средний-менеджер
Сергей,lolimpo@gmail.com,Секретарь
Алексей,gbggtw@mail.com,Старший-менеджер
Виктор,izeytee@yahoo.com,Секретарь
Евкакий,eios@sibsutis.ru,Стажер
Алексей,realtura@hotmail.com,Младший-менеджер
Дмитрий,realtura@hotmail.com,Стажер
Вячеслав,lolimpo@gmail.com,Средний-менеджер
Евкакий,soul-catcher@yandex.ru,Младший-менеджер
Сергей,kkirrill@mail.ru,Средний-менеджер
Максим,izeytee@yahoo.com,Младший-менеджер
Дмитрий,kkirrill@mail.ru,Младший-менеджер
Сергей,izeytee@yahoo.com,Средний-менеджер
Сергей,realtura@hotmail.com,Младший-менеджер
Алексей,gbggtw@mail.com,Стажер
Кирилл,izeytee@yahoo.com,Стажер
Максим,gbggtw@mail.com,Секретарь
Мухаммад,eios@sibsutis.ru,Стажер
Виктор,kkirrill@mail.ru,Старший-менеджер
Алексей,izeytee@yahoo.com,Секретарь
Артур,kkirrill@mail.ru,Секретарь
Артур,realtura@hotmail.com,Средний-менеджер
Дмитрий,soul-catcher@yandex.ru,Старший-менеджер
Никита,snoweee322@rambler.ru,Средний-менеджер
Вячеслав,kkirrill@mail.ru,Старший-менеджер
Виктор,soul-catcher@yandex.ru,Средний-менеджер
Александр,kkirrill@mail.ru,Стажер
Кирилл,izeytee@yahoo.com,Старший-менеджер
Алексей,soul-catcher@yandex.ru,Старший-менеджер
Мухаммад,eios@sibsutis.ru,Средний-менеджер
Кирилл,gbggtw@mail.com,Старший-менеджер
Сергей,realtura@hotmail.com,Старший-менеджер
Леонид,lolimpo@gmail.com,Стажер
Никита,soul-catcher@yandex.ru,Младший-менеджер
Вячеслав,lolimpo@gmail.com,Младший-менеджер
Сергей,snoweee322@rambler.ru,Средний-менеджер
Мухаммад,gbggtw@mail.com,Младший-менеджер
Мухаммад,eios@sibsutis.ru,Старший-менеджер
Дмитрий,kkirrill@mail.ru,Секретарь
Максим,kkirrill@mail.ru,Стажер
Мухаммад,izeytee@yahoo.com,Младший-менеджер
Мухаммад,snoweee322@rambler.ru,Младший-менеджер
Алексей,eios@sibsutis.ru,Стажер
Сергей,gbggtw@mail.com,Средний-менеджер
Никита,kkirrill@mail.ru,Старший-менеджер
Евкакий,gbggtw@mail.com,Старший-менеджер
Артур,eios@sibsutis.ru,Стажер
Мухаммад,lolimpo@gmail.com,Средний-менеджер
Александр,soul-catcher@yandex.ru,Секретарь
Кирилл,gbggtw@mail.com,Секретарь
Евкакий,eios@sibsutis.ru,Старший-менеджер
Александр,eios@sibsutis.ru,Стажер
Никита,eios@sibsutis.ru,Секретарь
Дмитрий,soul-catcher@yandex.ru,Старший-менеджер
Алексей,gbggtw@mail.com,Стажер
Евкакий,realtura@hotmail.com,Стажер
Леонид,snoweee322@rambler.ru,Старший-менеджер
Дмитрий,realtura@hotmail.com,Секретарь
Виктор,izeytee@yahoo.com,Младший-менеджер
Кирилл,kkirrill@mail.ru,Средний-менеджер
Леонид,lolimpo@gmail.com,Младший-менеджер
Вячеслав,eios@sibsutis.ru,Младший-менеджер
Вячеслав,lolimpo@gmail.com,Стажер
Дмитрий,soul-catcher@yandex.ru,Младший-менеджер
Алексей,realtura@hotmail.com,Старший-менеджер
Леонид,soul-catcher@yandex.ru,Средний-менеджер
Артур,soul-catcher@yandex.ru,Стажер
Мухаммад,kkirrill@mail.ru,Средний-менеджер
Никита,kkirrill@mail.ru,Стажер
Алексей,izeytee@yahoo.com,Старший-менеджер
Кирилл,gbggtw@mail.com,Средний-менеджер
Вячеслав,eios@sibsutis.ru,Секретарь
Алексей,eios@sibsutis.ru,Младший-менеджер
Виктор,soul-catcher@yandex.ru,Секретарь
Леонид,kkirrill@mail.ru,Стажер
Дмитрий,snoweee322@rambler.ru,Секретарь
Евкакий,gbggtw@mail.com,Секретарь
Виктор,eios@sibsutis.ru,Старший-менеджер
Александр,realtura@hotmail.com,Секретарь
Вячеслав,kkirrill@mail.ru,Старший-менеджер
Артур,gbggtw@mail.com,Младший-менеджер
Алексей,realtura@hotmail.com,Секретарь
Евкакий,gbggtw@mail.com,Стажер
Артур,lolimpo@gmail.com,Средний-менеджер
Никита,gbggtw@mail.com,Секретарь
Максим,eios@sibsutis.ru,Младший-менеджер
Дмитрий,eios@sibsutis.ru,Младший-менеджер
Никита,snoweee322@rambler.ru,Младший-менеджер
Александр,realtura@hotmail.com,Секретарь
Виктор,realtura@hotmail.com,Секретарь
Артур,izeytee@yahoo.com,Младший-менеджер
Леонид,realtura@hotmail.com,Секретарь
Мухаммад,soul-catcher@yandex.ru,Старший-менеджер
Виктор,izeytee@yahoo.com,Стажер
Виктор,eios@sibsutis.ru,Старший-менеджер
Мухаммад,gbggtw@mail.com,Стажер
Максим,kkirrill@mail.ru,Младший-менеджер
Артур,kkirrill@mail.ru,Стажер
Мухаммад,eios@sibsutis.ru,Средний-менеджер
Мухаммад,izeytee@yahoo.com,Секретарь
Никита,eios@sibsutis.ru,Стажер
Мухаммад,realtura@hotmail.com,Старший-менеджер
Максим,lolimpo@gmail.com,Старший-менеджер
Виктор,kkirrill@mail.ru,Старший-менеджер
Никита,kkirrill@mail.ru,Младший-менеджер
Мухаммад,eios@sibsutis.ru,Секретарь
Виктор,lolimpo@gmail.com,Средний-менеджер
Алексей,realtura@hotmail.com,Средний-менеджер
Никита,eios@sibsutis.ru,Стажер
Дмитрий,lolimpo@gmail.com,Стажер
Виктор,kkirrill@mail.ru,Средний-менеджер
Мухаммад,gbggtw@mail.com,Стажер
Леонид,izeytee@yahoo.com,Старший-менеджер
Виктор,soul-catcher@yandex.ru,Младший-менеджер
Максим,snoweee322@rambler.ru,Средний-менеджер
Вячеслав,kkirrill@mail.ru,Секретарь
Никита,izeytee@yahoo.com,Средний-менеджер
Никита,eios@sibsutis.ru,Старший-менеджер
Алексей,eios@sibsutis.ru,Секретарь
Никита,kkirrill@mail.ru,Секретарь
Виктор,kkirrill@mail.ru,Средний-менеджер
Мухаммад,izeytee@yahoo.com,Секретарь
Александр,soul-catcher@yandex.ru,Стажер
Леонид,eios@sibsutis.ru,Старший-менеджер
Вячеслав,gbggtw@mail.com,Младший-менеджер
Артур,snoweee322@rambler.ru,Стажер
Дмитрий,eios@sibsutis.ru,Стажер
Максим,eios@sibsutis.ru,Младший-менеджер
Дмитрий,izeytee@yahoo.com,Стажер
Никита,kkirrill@mail.ru,Секретарь
Виктор,gbggtw@mail.com,Секретарь
Кирилл,lolimpo@gmail.com,Средний-менеджер
Мухаммад,izeytee@yahoo.com,Средний-менеджер
Максим,izeytee@yahoo.com,Старший-менеджер
Алексей,izeytee@yahoo.com,Средний-менеджер
Евкакий,realtura@hotmail.com,Старший-менеджер
Вячеслав,eios@sibsutis.ru,Старший-менеджер
Мухаммад,eios@sibsutis.ru,Младший-менеджер
Мухаммад,realtura@hotmail.com,Средний-менеджер
Евкакий,eios@sibsutis.ru,Средний-менеджер
Алексей,izeytee@yahoo.com,Средний-менеджер
Алексей,soul-catcher@yandex.ru,Младший-менеджер
Никита,snoweee322@rambler.ru,Старший-менеджер
Вячеслав,soul-catcher@yandex.ru,Младший-менеджер
Никита,realtura@hotmail.com,Старший-менеджер
Леонид,gbggtw@mail.com,Средний-менеджер
Сергей,snoweee322@rambler.ru,Средний-менеджер
Мухаммад,soul-catcher@yandex.ru,Секретарь
Максим,realtura@hotmail.com,Секретарь
Вячеслав,soul-catcher@yandex.ru,Старший-менеджер
Мухаммад,eios@sibsutis.ru,Стажер
Вячеслав,lolimpo@gmail.com,Младший-менеджер
Леонид,kkirrill@mail.ru,Средний-менеджер
Александр,soul-catcher@yandex.ru,Средний-менеджер
Кирилл,realtura@hotmail.com,Младший-менеджер
Никита,soul-catcher@yandex.ru,Средний-менеджер
Дмитрий,izeytee@yahoo.com,Средний-менеджер
Никита,izeytee@yahoo.com,Средний-менеджер
Дмитрий,realtura@hotmail.com,Старший-менеджер
Максим,snoweee322@rambler.ru,Младший-менеджер
Никита,kkirrill@mail.ru,Секретарь
Вячеслав,izeytee@yahoo.com,Младший-менеджер
Кирилл,gbggtw@mail.com,Младший-менеджер
Алексей,soul-catcher@yandex.ru,Стажер
Сергей,lolimpo@gmail.com,Секретарь
Артур,kkirrill@mail.ru,Средний-менеджер
Дмитрий,lolimpo@gmail.com,Средний-менеджер
Вячеслав,realtura@hotmail.com,Средний-менеджер
Максим,soul-catcher@yandex.ru,Стажер
Дмитрий,gbggtw@mail.com,Младший-менеджер
Евкакий,izeytee@yahoo.com,Младший-менеджер
Мухаммад,izeytee@yahoo.com,Младший-менеджер
Вячеслав,izeytee@yahoo.com,Средний-менеджер
Александр,gbggtw@mail.com,Секретарь
Евкакий,kkirrill@mail.ru,Старший-менеджер
Александр,lolimpo@gmail.com,Старший-менеджер
Кирилл,snoweee322@rambler.ru,Секретарь
Леонид,snoweee322@rambler.ru,Секретарь
Виктор,eios@sibsutis.ru,Средний-менеджер
Никита,kkirrill@mail.ru,Средний-менеджер
Леонид,kkirrill@mail.ru,Средний-менеджер
Алексей,izeytee@yahoo.com,Стажер
Виктор,lolimpo@gmail.com,Стажер
Артур,realtura@hotmail.com,Старший-менеджер
Алексей,gbggtw@mail.com,Секретарь
Кирилл,soul-catcher@yandex.ru,Секретарь
Леонид,eios@sibsutis.ru,Младший-менеджер
Артур,snoweee322@rambler.ru,Старший-менеджер
Виктор,gbggtw@mail.com,Секретарь
Александр,lolimpo@gmail.com,Стажер
Кирилл,realtura@hotmail.com,Стажер
Никита,realtura@hotmail.com,Средний-менеджер
Мухаммад,eios@sibsutis.ru,Старший-менеджер
Мухаммад,izeytee@yahoo.com,Стажер
Мухаммад,gbggtw@mail.com,Секретарь
Максим,realtura@hotmail.com,Старший-менеджер
Виктор,gbggtw@mail.com,Стажер
Никита,gbggtw@mail.com,Старший-менеджер
Александр,snoweee322@rambler.ru,Средний-менеджер
Александр,kkirrill@mail.ru,Младший-менеджер
Алексей,gbggtw@mail.com,Стажер
Александр,izeytee@yahoo.com,Секретарь
Алексей,kkirrill@mail.ru,Старший-менеджер
Максим,soul-catcher@yandex.ru,Старший-менеджер
Никита,lolimpo@gmail.com,Секретарь
Вячеслав,snoweee322@rambler.ru,Младший-менеджер
Максим,kkirrill@mail.ru,Стажер
Виктор,lolimpo@gmail.com,Стажер
Евкакий,gbggtw@mail.com,Младший-менеджер
Максим,soul-catcher@yandex.ru,Старший-менеджер
Сергей,kkirrill@mail.ru,Стажер
Артур,lolimpo@gmail.com,Младший-менеджер
Алексей,snoweee322@rambler.ru,Старший-менеджер
Александр,lolimpo@gmail.com,Средний-менеджер
Никита,lolimpo@gmail.com,Секретарь
Никита,kkirrill@mail.ru,Старший-менеджер
Виктор,eios@sibsutis.ru,Стажер
Алексей,lolimpo@gmail.com,Секретарь
Максим,izeytee@yahoo.com,Средний-менеджер
Кирилл,gbggtw@mail.com,Средний-менеджер
Леонид,gbggtw@mail.com,Стажер
Дмитрий,snoweee322@rambler.ru,Стажер
Вячеслав,izeytee@yahoo.com,Младший-менеджер
Виктор,kkirrill@mail.ru,Младший-менеджер
Евкакий,realtura@hotmail.com,Младший-менеджер
Сергей,lolimpo@gmail.com,Средний-менеджер
Алексей,izeytee@yahoo.com,Секретарь
Сергей,gbggtw@mail.com,Стажер
Леонид,kkirrill@mail.ru,Младший-менеджер
Алексей,kkirrill@mail.ru,Младший-менеджер
Леонид,eios@sibsutis.ru,Стажер
Артур,eios@sibsutis.ru,Секретарь
Александр,gbggtw@mail.com,Стажер
Мухаммад,izeytee@yahoo.com,Средний-менеджер
Виктор,lolimpo@gmail.com,Секретарь
Сергей,soul-catcher@yandex.ru,Младший-менеджер
Артур,realtura@hotmail.com,Младший-менеджер
Александр,eios@sibsutis.ru,Старший-менеджер
Вячеслав,eios@sibsutis.ru,Средний-менеджер
Никита,realtura@hotmail.com,Младший-менеджер
Сергей,soul-catcher@yandex.ru,Старший-менеджер
Кирилл,soul-catcher@yandex.ru,Секретарь
Артур,gbggtw@mail.com,Стажер
Сергей,lolimpo@gmail.com,Средний-менеджер
Максим,eios@sibsutis.ru,Старший-менеджер
Виктор,gbggtw@mail.com,Старший-менеджер
Максим,realtura@hotmail.com,Секретарь
Никита,soul-catcher@yandex.ru,Секретарь
Никита,gbggtw@mail.com,Старший-менеджер
Сергей,kkirrill@mail.ru,Секретарь
Александр,realtura@hotmail.com,Старший-менеджер
Дмитрий,gbggtw@mail.com,Старший-менеджер
Вячеслав,eios@sibsutis.ru,Старший-менеджер
Мухаммад,lolimpo@gmail.com,Секретарь
Александр,izeytee@yahoo.com,Средний-менеджер
Леонид,kkirrill@mail.ru,Стажер
Дмитрий,eios@sibsutis.ru,Секретарь
Никита,realtura@hotmail.com,Старший-менеджер
Леонид,snoweee322@rambler.ru,Старший-менеджер
Алексей,izeytee@yahoo.com,Секретарь
Евкакий,eios@sibsutis.ru,Стажер
Дмитрий,kkirrill@mail.ru,Стажер
Мухаммад,kkirrill@mail.ru,Стажер
Дмитрий,kkirrill@mail.ru,Стажер
Артур,realtura@hotmail.com,Старший-менеджер
Александр,gbggtw@mail.com,Секретарь
Алексей,izeytee@yahoo.com,Младший-менеджер
Евкакий,soul-catcher@yandex.ru,Средний-менеджер
Александр,snoweee322@rambler.ru,Секретарь
Никита,izeytee@yahoo.com,Стажер
Максим,kkirrill@mail.ru,Секретарь
Александр,kkirrill@mail.ru,Средний-менеджер
Вячеслав,snoweee322@rambler.ru,Секретарь
Никита,soul-catcher@yandex.ru,Стажер
Никита,izeytee@yahoo.com,Младший-менеджер
Максим,soul-catcher@yandex.ru,Секретарь
Сергей,soul-catcher@yandex.ru,Стажер
Артур,soul-catcher@yandex.ru,Секретарь
Вячеслав,izeytee@yahoo.com,Младший-менеджер
Евкакий,gbggtw@mail.com,Секретарь
Виктор,lolimpo@gmail.com,Младший-менеджер
Мухаммад,soul-catcher@yandex.ru,Средний-менеджер
Евкакий,soul-catcher@yandex.ru,Младший-менеджер
Леонид,snoweee322@rambler.ru,Стажер
Дмитрий,soul-catcher@yandex.ru,Старший-менеджер
Виктор,lolimpo@gmail.com,Средний-менеджер
Леонид,realtura@hotmail.com,Младший-менеджер
Никита,izeytee@yahoo.com,Старший-менеджер
Александр,soul-catcher@yandex.ru,Младший-менеджер
Максим,lolimpo@gmail.com,Средний-менеджер
Кирилл,snoweee322@rambler.ru,Средний-менеджер
Алексей,eios@sibsutis.ru,Младший-менеджер
Александр,snoweee322@rambler.ru,Младший-менеджер
Максим,gbggtw@mail.com,Стажер
Максим,lolimpo@gmail.com,Стажер
Леонид,izeytee@yahoo.com,Секретарь
Виктор,realtura@hotmail.com,Секретарь
Евкакий,eios@sibsutis.ru,Младший-менеджер
Никита,izeytee@yahoo.com,Старший-менеджер
Кирилл,izeytee@yahoo.com,Младший-менеджер
Леонид,gbggtw@mail.com,Средний-менеджер
Александр,izeytee@yahoo.com,Средний-менеджер
Вячеслав,izeytee@yahoo.com,Стажер
Виктор,lolimpo@gmail.com,Секретарь
Максим,lolimpo@gmail.com,Стажер
Мухаммад,realtura@hotmail.com,Старший-менеджер
Кирилл,kkirrill@mail.ru,Старший-менеджер
Алексей,eios@sibsutis.ru,Стажер
Дмитрий,eios@sibsutis.ru,Стажер
Мухаммад,gbggtw@mail.com,Старший-менеджер
Артур,soul-catcher@yandex.ru,Средний-менеджер
Алексей,soul-catcher@yandex.ru,Стажер
Алексей,lolimpo@gmail.com,Стажер
Максим,eios@sibsutis.ru,Секретарь
Никита,kkirrill@mail.ru,Младший-менеджер
Мухаммад,eios@sibsutis.ru,Средний-менеджер
Сергей,lolimpo@gmail.com,Стажер
Алексей,eios@sibsutis.ru,Старший-менеджер
Виктор,snoweee322@rambler.ru,Секретарь
Артур,izeytee@yahoo.com,Старший-менеджер
Кирилл,soul-catcher@yandex.ru,Средний-менеджер
Евкакий,realtura@hotmail.com,Стажер
Евкакий,snoweee322@rambler.ru,Старший-менеджер
Максим,realtura@hotmail.com,Старший-менеджер
Леонид,realtura@hotmail.com,Секретарь
Леонид,gbggtw@mail.com,Стажер
Дмитрий,gbggtw@mail.com,Старший-менеджер
Кирилл,soul-catcher@yandex.ru,Старший-менеджер
Максим,gbggtw@mail.com,Старший-менеджер
Дмитрий,realtura@hotmail.com,Средний-менеджер
Евкакий,soul-catcher@yandex.ru,Секретарь
Вячеслав,realtura@hotmail.com,Средний-менеджер
Артур,eios@sibsutis.ru,Средний-менеджер
Алексей,lolimpo@gmail.com,Старший-менеджер
Мухаммад,gbggtw@mail.com,Старший-менеджер
Максим,eios@sibsutis.ru,Стажер
Евкакий,izeytee@yahoo.com,Младший-менеджер
Мухаммад,realtura@hotmail.com,Младший-менеджер
Кирилл,soul-catcher@yandex.ru,Стажер
Максим,realtura@hotmail.com,Старший-менеджер
Сергей,gbggtw@mail.com,Стажер
Алексей,gbggtw@mail.com,Старший-менеджер
Никита,realtura@hotmail.com,Средний-менеджер
Леонид,kkirrill@mail.ru,Секретарь
Александр,eios@sibsutis.ru,Младший-менеджер
Евкакий,soul-catcher@yandex.ru,Старший-менеджер
Виктор,kkirrill@mail.ru,Средний-менеджер
Кирилл,izeytee@yahoo.com,Младший-менеджер
Сергей,kkirrill@mail.ru,Младший-менеджер
Артур,realtura@hotmail.com,Средний-менеджер
Мухаммад,gbggtw@mail.com,Младший-менеджер
Артур,eios@sibsutis.ru,Младший-менеджер
Никита,eios@sibsutis.ru,Стажер
Кирилл,gbggtw@mail.com,Младший-менеджер
Максим,snoweee322@rambler.ru,Младший-менеджер
Дмитрий,kkirrill@mail.ru,Стажер
Алексей,izeytee@yahoo.com,Стажер
Максим,eios@sibsutis.ru,Младший-менеджер
Дмитрий,realtura@hotmail.com,Младший-менеджер
Алексей,lolimpo@gmail.com,Младший-менеджер
Максим,gbggtw@mail.com,Младший-менеджер
Дмитрий,soul-catcher@yandex.ru,Старший-менеджер
Виктор,soul-catcher@yandex.ru,Младший-менеджер
Леонид,kkirrill@mail.ru,Младший-менеджер
Артур,izeytee@yahoo.com,Старший-менеджер
Виктор,kkirrill@mail.ru,Секретарь
Артур,soul-catcher@yandex.ru,Старший-менеджер
Леонид,snoweee322@rambler.ru,Старший-менеджер
Максим,soul-catcher@yandex.ru,Средний-менеджер
Евкакий,lolimpo@gmail.com,Средний-менеджер
Евкакий,izeytee@yahoo.com,Младший-менеджер
Никита,izeytee@yahoo.com,Секретарь
Дмитрий,soul-catcher@yandex.ru,Старший-менеджер
Евкакий,gbggtw@mail.com,Младший-менеджер
Виктор,soul-catcher@yandex.ru,Секретарь
Евкакий,izeytee@yahoo.com,Младший-менеджер
Максим,soul-catcher@yandex.ru,Средний-менеджер
Виктор,kkirrill@mail.ru,Старший-менеджер
Евкакий,snoweee322@rambler.ru,Старший-менеджер
Артур,snoweee322@rambler.ru,Средний-менеджер
Никита,lolimpo@gmail.com,Секретарь
Евкакий,kkirrill@mail.ru,Стажер
Максим,kkirrill@mail.ru,Младший-менеджер
Виктор,gbggtw@mail.com,Стажер
Дмитрий,kkirrill@mail.ru,Младший-менеджер
Леонид,gbggtw@mail.com,Средний-менеджер
Сергей,kkirrill@mail.ru,Секретарь
Кирилл,eios@sibsutis.ru,Стажер
Сергей,izeytee@yahoo.com,Секретарь
Кирилл,kkirrill@mail.ru,Секретарь
Сергей,lolimpo@gmail.com,Средний-менеджер
Виктор,kkirrill@mail.ru,Секретарь
Максим,eios@sibsutis.ru,Старший-менеджер
Алексей,eios@sibsutis.ru,Средний-менеджер
Дмитрий,lolimpo@gmail.com,Средний-менеджер
Алексей,izeytee@yahoo.com,Стажер
Евкакий,eios@sibsutis.ru,Средний-менеджер
Александр,lolimpo@gmail.com,Младший-менеджер
Кирилл,kkirrill@mail.ru,Младший-менеджер
Максим,eios@sibsutis.ru,Младший-менеджер
Мухаммад,gbggtw@mail.com,Младший-менеджер
Вячеслав,snoweee322@rambler.ru,Средний-менеджер
Леонид,realtura@hotmail.com,Старший-менеджер
Кирилл,realtura@hotmail.com,Секретарь
Александр,soul-catcher@yandex.ru,Младший-менеджер
Алексей,realtura@hotmail.com,Старший-менеджер
Кирилл,eios@sibsutis.ru,Секретарь
Вячеслав,snoweee322@rambler.ru,Старший-менеджер
Максим,kkirrill@mail.ru,Средний-менеджер
Евкакий,kkirrill@mail.ru,Средний-менеджер
Артур,realtura@hotmail.com,Старший-менеджер
Кирилл,kkirrill@mail.ru,Младший-менеджер
Евкакий,realtura@hotmail.com,Средний-менеджер
Артур,izeytee@yahoo.com,Младший-менеджер
Алексей,snoweee322@rambler.ru,Стажер
Никита,snoweee322@rambler.ru,Младший-менеджер
Вячеслав,snoweee322@rambler.ru,Стажер
Алексей,gbggtw@mail.com,Секретарь
Максим,realtura@hotmail.com,Младший-менеджер
Алексей,gbggtw@mail.com,Старший-менеджер
Никита,eios@sibsutis.ru,Младший-менеджер
Кирилл,kkirrill@mail.ru,Секретарь
Артур,soul-catcher@yandex.ru,Стажер
Максим,gbggtw@mail.com,Старший-менеджер
Алексей,soul-catcher@yandex.ru,Стажер
Дмитрий,lolimpo@gmail.com,Секретарь
Александр,eios@sibsutis.ru,Средний-менеджер
Никита,soul-catcher@yandex.ru,Младший-менеджер
Артур,gbggtw@mail.com,Средний-менеджер
Никита,soul-catcher@yandex.ru,Младший-менеджер
Александр,kkirrill@mail.ru,Стажер
Кирилл,izeytee@yahoo.com,Секретарь
Мухаммад,snoweee322@rambler.ru,Секретарь
Никита,izeytee@yahoo.com,Средний-менеджер
Алексей,soul-catcher@yandex.ru,Средний-менеджер
Максим,realtura@hotmail.com,Младший-менеджер
Виктор,eios@sibsutis.ru,Средний-менеджер
Сергей,realtura@hotmail.com,Секретарь
Вячеслав,soul-catcher@yandex.ru,Старший-менеджер
Максим,lolimpo@gmail.com,Секретарь
Никита,gbggtw@mail.com,Средний-менеджер
Мухаммад,izeytee@yahoo.com,Секретарь
Кирилл,gbggtw@mail.com,Старший-менеджер
Александр,kkirrill@mail.ru,Стажер
Дмитрий,kkirrill@mail.ru,Старший-менеджер
Евкакий,kkirrill@mail.ru,Стажер
Дмитрий,kkirrill@mail.ru,Младший-менеджер
Алексей,gbggtw@mail.com,Младший-менеджер
Максим,realtura@hotmail.com,Секретарь
Виктор,gbggtw@mail.com,Младший-менеджер
Мухаммад,snoweee322@rambler.ru,Старший-менеджер
Алексей,gbggtw@mail.com,Младший-менеджер
Никита,kkirrill@mail.ru,Старший-менеджер
Леонид,kkirrill@mail.ru,Стажер
Александр,izeytee@yahoo.com,Младший-менеджер
Вячеслав,kkirrill@mail.ru,Старший-менеджер
Никита,kkirrill@mail.ru,Секретарь
Максим,kkirrill@mail.ru,Стажер
Мухаммад,snoweee322@rambler.ru,Стажер
Никита,izeytee@yahoo.com,Средний-менеджер
Виктор,eios@sibsutis.ru,Старший-менеджер
Виктор,snoweee322@rambler.ru,Старший-менеджер
Вячеслав,gbggtw@mail.com,Секретарь
Александр,izeytee@yahoo.com,Секретарь
Дмитрий,kkirrill@mail.ru,Средний-менеджер
Алексей,gbggtw@mail.com,Секретарь
Артур,gbggtw@mail.com,Старший-менеджер
Никита,gbggtw@mail.com,Старший-менеджер
Максим,kkirrill@mail.ru,Младший-менеджер
Александр,snoweee322@rambler.ru,Секретарь
Максим,kkirrill@mail.ru,Средний-менеджер
Дмитрий,lolimpo@gmail.com,Стажер
Виктор,gbggtw@mail.com,Старший-менеджер
Алексей,izeytee@yahoo.com,Младший-менеджер
Артур,realtura@hotmail.com,Младший-менеджер
Дмитрий,realtura@hotmail.com,Младший-менеджер
Дмитрий,gbggtw@mail.com,Стажер
Мухаммад,snoweee322@rambler.ru,Секретарь
Кирилл,kkirrill@mail.ru,Стажер
Дмитрий,gbggtw@mail.com,Средний-менеджер
Евкакий,eios@sibsutis.ru,Средний-менеджер
Артур,snoweee322@rambler.ru,Секретарь
Кирилл,soul-catcher@yandex.ru,Младший-менеджер
Артур,kkirrill@mail.ru,Секретарь
Леонид,izeytee@yahoo.com,Секретарь
Вячеслав,gbggtw@mail.com,Старший-менеджер
Сергей,lolimpo@gmail.com,Средний-менеджер
Никита,izeytee@yahoo.com,Старший-менеджер
Никита,eios@sibsutis.ru,Средний-менеджер
Артур,snoweee322@rambler.ru,Стажер
Александр,soul-catcher@yandex.ru,Старший-менеджер
Дмитрий,lolimpo@gmail.com,Младший-менеджер
Виктор,kkirrill@mail.ru,Младший-менеджер
Евкакий,gbggtw@mail.com,Стажер
Сергей,eios@sibsutis.ru,Стажер
Алексей,eios@sibsutis.ru,Секретарь
Максим,snoweee322@rambler.ru,Старший-менеджер
Сергей,eios@sibsutis.ru,Секретарь
Алексей,snoweee322@rambler.ru,Стажер
Максим,eios@sibsutis.ru,Стажер
Алексей,snoweee322@rambler.ru,Младший-менеджер
Леонид,lolimpo@gmail.com,Стажер
Виктор,realtura@hotmail.com,Старший-менеджер
Сергей,realtura@hotmail.com,Младший-менеджер
Сергей,realtura@hotmail.com,Стажер
Леонид,eios@sibsutis.ru,Старший-менеджер
Максим,snoweee322@rambler.ru,Стажер
Максим,snoweee322@rambler.ru,Младший-менеджер
Сергей,snoweee322@rambler.ru,Секретарь
Максим,realtura@hotmail.com,Младший-менеджер
Виктор,snoweee322@rambler.ru,Секретарь
Артур,realtura@hotmail.com,Средний-менеджер
Максим,snoweee322@rambler.ru,Стажер
Никита,gbggtw@mail.com,Младший-менеджер
Кирилл,lolimpo@gmail.com,Средний-менеджер
Мухаммад,izeytee@yahoo.com,Стажер
Сергей,eios@sibsutis.ru,Младший-менеджер
Леонид,soul-catcher@yandex.ru,Стажер
Виктор,soul-catcher@yandex.ru,Стажер
Леонид,eios@sibsutis.ru,Секретарь
Леонид,realtura@hotmail.com,Стажер
Максим,izeytee@yahoo.com,Старший-менеджер
Леонид,kkirrill@mail.ru,Старший-менеджер
Кирилл,izeytee@yahoo.com,Младший-менеджер
Артур,eios@sibsutis.ru,Секретарь
Алексей,soul-catcher@yandex.ru,Старший-менеджер
Мухаммад,gbggtw@mail.com,Старший-менеджер
Артур,izeytee@yahoo.com,Секретарь
Дмитрий,kkirrill@mail.ru,Старший-менеджер
Кирилл,soul-catcher@yandex.ru,Секретарь
Сергей,eios@sibsutis.ru,Стажер
Леонид,eios@sibsutis.ru,Секретарь
Артур,kkirrill@mail.ru,Младший-менеджер
Александр,lolimpo@gmail.com,Младший-менеджер
Никита,gbggtw@mail.com,Старший-менеджер
Никита,kkirrill@mail.ru,Стажер
Максим,realtura@hotmail.com,Старший-менеджер
Вячеслав,eios@sibsutis.ru,Средний-менеджер
Мухаммад,lolimpo@gmail.com,Средний-менеджер
Вячеслав,eios@sibsutis.ru,Средний-менеджер
Мухаммад,kkirrill@mail.ru,Стажер
Алексей,izeytee@yahoo.com,Стажер
Вячеслав,snoweee322@rambler.ru,Стажер
Сергей,lolimpo@gmail.com,Средний-менеджер
Мухаммад,snoweee322@rambler.ru,Старший-менеджер
Мухаммад,izeytee@yahoo.com,Стажер
Александр,izeytee@yahoo.com,Стажер
Сергей,lolimpo@gmail.com,Стажер
Артур,lolimpo@gmail.com,Средний-менеджер
Мухаммад,soul-catcher@yandex.ru,Секретарь
Кирилл,lolimpo@gmail.com,Средний-менеджер
Леонид,eios@sibsutis.ru,Старший-менеджер
Дмитрий,realtura@hotmail.com,Старший-менеджер
Евкакий,eios@sibsutis.ru,Секретарь
Алексей,lolimpo@gmail.com,Стажер
Вячеслав,realtura@hotmail.com,Секретарь
Александр,snoweee322@rambler.ru,Старший-менеджер
Никита,gbggtw@mail.com,Младший-менеджер
Дмитрий,realtura@hotmail.com,Средний-менеджер
Кирилл,realtura@hotmail.com,Младший-менеджер
Евкакий,kkirrill@mail.ru,Старший-менеджер
Максим,lolimpo@gmail.com,Средний-менеджер
Леонид,eios@sibsutis.ru,Старший-менеджер
Сергей,eios@sibsutis.ru,Стажер
Александр,realtura@hotmail.com,Средний-менеджер
Вячеслав,kkirrill@mail.ru,Старший-менеджер
Вячеслав,eios@sibsutis.ru,Стажер
Алексей,soul-catcher@yandex.ru,Стажер
Вячеслав,eios@sibsutis.ru,Средний-менеджер
Вячеслав,snoweee322@rambler.ru,Младший-менеджер
Артур,soul-catcher@yandex.ru,Младший-менеджер
Евкакий,lolimpo@gmail.com,Старший-менеджер
Мухаммад,realtura@hotmail.com,Секретарь
Сергей,lolimpo@gmail.com,Младший-менеджер
Дмитрий,soul-catcher@yandex.ru,Младший-менеджер
Сергей,snoweee322@rambler.ru,Младший-менеджер
Алексей,izeytee@yahoo.com,Секретарь
Максим,gbggtw@mail.com,Стажер
Александр,eios@sibsutis.ru,Старший-менеджер
Дмитрий,izeytee@yahoo.com,Средний-менеджер
Максим,snoweee322@rambler.ru,Средний-менеджер
Мухаммад,gbggtw@mail.com,Стажер
Виктор,snoweee322@rambler.ru,Старший-менеджер
Артур,soul-catcher@yandex.ru,Старший-менеджер
Виктор,kkirrill@mail.ru,Средний-менеджер
Дмитрий,realtura@hotmail.com,Младший-менеджер
Никита,realtura@hotmail.com,Стажер
Евкакий,snoweee322@rambler.ru,Средний-менеджер
Никита,eios@sibsutis.ru,Средний-менеджер
Александр,lolimpo@gmail.com,Старший-менеджер
Артур,lolimpo@gmail.com,Стажер
Дмитрий,realtura@hotmail.com,Стажер
Мухаммад,gbggtw@mail.com,Младший-менеджер
Мухаммад,soul-catcher@yandex.ru,Средний-менеджер
Евкакий,gbggtw@mail.com,Старший-менеджер
Виктор,lolimpo@gmail.com,Средний-менеджер
Виктор,kkirrill@mail.ru,Старший-менеджер
Леонид,soul-catcher@yandex.ru,Стажер
Евкакий,kkirrill@mail.ru,Старший-менеджер
Евкакий,realtura@hotmail.com,Младший-менеджер
Алексей,eios@sibsutis.ru,Средний-менеджер
Алексей,lolimpo@gmail.com,Старший-менеджер
Сергей,snoweee322@rambler.ru,Младший-менеджер
Сергей,kkirrill@mail.ru,Секретарь
Евкакий,eios@sibsutis.ru,Старший-менеджер
Мухаммад,snoweee322@rambler.ru,Младший-менеджер
Алексей,realtura@hotmail.com,Стажер
Максим,eios@sibsutis.ru,Секретарь
Вячеслав,kkirrill@mail.ru,Секретарь
Виктор,lolimpo@gmail.com,Стажер
Александр,soul-catcher@yandex.ru,Секретарь
Артур,eios@sibsutis.ru,Средний-менеджер
Максим,gbggtw@mail.com,Младший-менеджер
Кирилл,izeytee@yahoo.com,Средний-менеджер
Дмитрий,izeytee@yahoo.com,Секретарь
Вячеслав,snoweee322@rambler.ru,Средний-менеджер
Максим,gbggtw@mail.com,Средний-менеджер
Алексей,eios@sibsutis.ru,Секретарь
Сергей,izeytee@yahoo.com,Секретарь
Леонид,snoweee322@rambler.ru,Стажер
Леонид,izeytee@yahoo.com,Старший-менеджер
Мухаммад,snoweee322@rambler.ru,Секретарь
Леонид,kkirrill@mail.ru,Младший-менеджер
Вячеслав,gbggtw@mail.com,Стажер
Леонид,gbggtw@mail.com,Младший-менеджер
Евкакий,eios@sibsutis.ru,Младший-менеджер
Леонид,snoweee322@rambler.ru,Старший-менеджер
Алексей,realtura@hotmail.com,Младший-менеджер
Кирилл,realtura@hotmail.com,Младший-менеджер
Мухаммад,lolimpo@gmail.com,Средний-менеджер
Виктор,eios@sibsutis.ru,Секретарь
Артур,soul-catcher@yandex.ru,Стажер
